Series ID,Year,Period,Label,Value
CES0000000001,2000,M01,2000 Jan,131005
CES0000000001,2000,M02,2000 Feb,131124
CES0000000001,2000,M03,2000 Mar,131596
CES0000000001,2000,M04,2000 Apr,131888
CES0000000001,2000,M05,2000 May,132105
CES0000000001,2000,M06,2000 Jun,132061
CES0000000001,2000,M07,2000 Jul,132236
CES0000000001,2000,M08,2000 Aug,132230
CES0000000001,2000,M09,2000 Sep,132353
CES0000000001,2000,M10,2000 Oct,132351
CES0000000001,2000,M11,2000 Nov,132556
CES0000000001,2000,M12,2000 Dec,132709
CES0000000001,2001,M01,2001 Jan,132698
CES0000000001,2001,M02,2001 Feb,132789
CES0000000001,2001,M03,2001 Mar,132747
CES0000000001,2001,M04,2001 Apr,132463
CES0000000001,2001,M05,2001 May,132410
CES0000000001,2001,M06,2001 Jun,132299
CES0000000001,2001,M07,2001 Jul,132177
CES0000000001,2001,M08,2001 Aug,132028
CES0000000001,2001,M09,2001 Sep,131771
CES0000000001,2001,M10,2001 Oct,131454
CES0000000001,2001,M11,2001 Nov,131142
CES0000000001,2001,M12,2001 Dec,130982
CES0000000001,2002,M01,2002 Jan,130852
CES0000000001,2002,M02,2002 Feb,130736
CES0000000001,2002,M03,2002 Mar,130717
CES0000000001,2002,M04,2002 Apr,130623
CES0000000001,2002,M05,2002 May,130634
CES0000000001,2002,M06,2002 Jun,130684
CES0000000001,2002,M07,2002 Jul,130590
CES0000000001,2002,M08,2002 Aug,130587
CES0000000001,2002,M09,2002 Sep,130501
CES0000000001,2002,M10,2002 Oct,130628
CES0000000001,2002,M11,2002 Nov,130615
CES0000000001,2002,M12,2002 Dec,130472
CES0000000001,2003,M01,2003 Jan,130580
CES0000000001,2003,M02,2003 Feb,130444
CES0000000001,2003,M03,2003 Mar,130232
CES0000000001,2003,M04,2003 Apr,130177
CES0000000001,2003,M05,2003 May,130196
CES0000000001,2003,M06,2003 Jun,130194
CES0000000001,2003,M07,2003 Jul,130191
CES0000000001,2003,M08,2003 Aug,130149
CES0000000001,2003,M09,2003 Sep,130254
CES0000000001,2003,M10,2003 Oct,130454
CES0000000001,2003,M11,2003 Nov,130474
CES0000000001,2003,M12,2003 Dec,130588
CES0000000001,2004,M01,2004 Jan,130769
CES0000000001,2004,M02,2004 Feb,130825
CES0000000001,2004,M03,2004 Mar,131142
CES0000000001,2004,M04,2004 Apr,131411
CES0000000001,2004,M05,2004 May,131694
CES0000000001,2004,M06,2004 Jun,131793
CES0000000001,2004,M07,2004 Jul,131848
CES0000000001,2004,M08,2004 Aug,131937
CES0000000001,2004,M09,2004 Sep,132093
CES0000000001,2004,M10,2004 Oct,132447
CES0000000001,2004,M11,2004 Nov,132503
CES0000000001,2004,M12,2004 Dec,132624
CES0000000001,2005,M01,2005 Jan,132774
CES0000000001,2005,M02,2005 Feb,133032
CES0000000001,2005,M03,2005 Mar,133156
CES0000000001,2005,M04,2005 Apr,133518
CES0000000001,2005,M05,2005 May,133690
CES0000000001,2005,M06,2005 Jun,133942
CES0000000001,2005,M07,2005 Jul,134296
CES0000000001,2005,M08,2005 Aug,134498
CES0000000001,2005,M09,2005 Sep,134566
CES0000000001,2005,M10,2005 Oct,134655
CES0000000001,2005,M11,2005 Nov,134993
CES0000000001,2005,M12,2005 Dec,135149
CES0000000001,2006,M01,2006 Jan,135429
CES0000000001,2006,M02,2006 Feb,135737
CES0000000001,2006,M03,2006 Mar,136047
CES0000000001,2006,M04,2006 Apr,136205
CES0000000001,2006,M05,2006 May,136244
CES0000000001,2006,M06,2006 Jun,136325
CES0000000001,2006,M07,2006 Jul,136520
CES0000000001,2006,M08,2006 Aug,136694
CES0000000001,2006,M09,2006 Sep,136843
CES0000000001,2006,M10,2006 Oct,136852
CES0000000001,2006,M11,2006 Nov,137063
CES0000000001,2006,M12,2006 Dec,137249
CES0000000001,2007,M01,2007 Jan,137477
CES0000000001,2007,M02,2007 Feb,137558
CES0000000001,2007,M03,2007 Mar,137793
CES0000000001,2007,M04,2007 Apr,137842
CES0000000001,2007,M05,2007 May,137993
CES0000000001,2007,M06,2007 Jun,138069
CES0000000001,2007,M07,2007 Jul,138038
CES0000000001,2007,M08,2007 Aug,138015
CES0000000001,2007,M09,2007 Sep,138095
CES0000000001,2007,M10,2007 Oct,138174
CES0000000001,2007,M11,2007 Nov,138284
CES0000000001,2007,M12,2007 Dec,138392
CES0000000001,2008,M01,2008 Jan,138403
CES0000000001,2008,M02,2008 Feb,138324
CES0000000001,2008,M03,2008 Mar,138275
CES0000000001,2008,M04,2008 Apr,138035
CES0000000001,2008,M05,2008 May,137858
CES0000000001,2008,M06,2008 Jun,137687
CES0000000001,2008,M07,2008 Jul,137491
CES0000000001,2008,M08,2008 Aug,137213
CES0000000001,2008,M09,2008 Sep,136753
CES0000000001,2008,M10,2008 Oct,136272
CES0000000001,2008,M11,2008 Nov,135545
CES0000000001,2008,M12,2008 Dec,134839
CES0000000001,2009,M01,2009 Jan,134055
CES0000000001,2009,M02,2009 Feb,133312
CES0000000001,2009,M03,2009 Mar,132512
CES0000000001,2009,M04,2009 Apr,131817
CES0000000001,2009,M05,2009 May,131475
CES0000000001,2009,M06,2009 Jun,131008
CES0000000001,2009,M07,2009 Jul,130668
CES0000000001,2009,M08,2009 Aug,130485
CES0000000001,2009,M09,2009 Sep,130244
CES0000000001,2009,M10,2009 Oct,130045
CES0000000001,2009,M11,2009 Nov,130057
CES0000000001,2009,M12,2009 Dec,129788
CES0000000001,2010,M01,2010 Jan,129790
CES0000000001,2010,M02,2010 Feb,129698
CES0000000001,2010,M03,2010 Mar,129879
CES0000000001,2010,M04,2010 Apr,130110
CES0000000001,2010,M05,2010 May,130650
CES0000000001,2010,M06,2010 Jun,130511
CES0000000001,2010,M07,2010 Jul,130427
CES0000000001,2010,M08,2010 Aug,130422
CES0000000001,2010,M09,2010 Sep,130357
CES0000000001,2010,M10,2010 Oct,130625
CES0000000001,2010,M11,2010 Nov,130750
CES0000000001,2010,M12,2010 Dec,130822
CES0000000001,2011,M01,2011 Jan,130841
CES0000000001,2011,M02,2011 Feb,131053
CES0000000001,2011,M03,2011 Mar,131288
CES0000000001,2011,M04,2011 Apr,131602
CES0000000001,2011,M05,2011 May,131703
CES0000000001,2011,M06,2011 Jun,131939
CES0000000001,2011,M07,2011 Jul,131999
CES0000000001,2011,M08,2011 Aug,132125
CES0000000001,2011,M09,2011 Sep,132358
CES0000000001,2011,M10,2011 Oct,132562
CES0000000001,2011,M11,2011 Nov,132694
CES0000000001,2011,M12,2011 Dec,132896
CES0000000001,2012,M01,2012 Jan,133250
CES0000000001,2012,M02,2012 Feb,133512
CES0000000001,2012,M03,2012 Mar,133752
CES0000000001,2012,M04,2012 Apr,133834
CES0000000001,2012,M05,2012 May,133934
CES0000000001,2012,M06,2012 Jun,134007
CES0000000001,2012,M07,2012 Jul,134159
CES0000000001,2012,M08,2012 Aug,134331
CES0000000001,2012,M09,2012 Sep,134518
CES0000000001,2012,M10,2012 Oct,134677
CES0000000001,2012,M11,2012 Nov,134833
CES0000000001,2012,M12,2012 Dec,135072
CES0000000001,2013,M01,2013 Jan,135263
CES0000000001,2013,M02,2013 Feb,135541
CES0000000001,2013,M03,2013 Mar,135680
CES0000000001,2013,M04,2013 Apr,135871
CES0000000001,2013,M05,2013 May,136093
CES0000000001,2013,M06,2013 Jun,136274
CES0000000001,2013,M07,2013 Jul,136386
CES0000000001,2013,M08,2013 Aug,136628
CES0000000001,2013,M09,2013 Sep,136815
CES0000000001,2013,M10,2013 Oct,137040
CES0000000001,2013,M11,2013 Nov,137304
CES0000000001,2013,M12,2013 Dec,137373
CES0000000001,2014,M01,2014 Jan,137548
CES0000000001,2014,M02,2014 Feb,137714
CES0000000001,2014,M03,2014 Mar,137968
CES0000000001,2014,M04,2014 Apr,138293
CES0000000001,2014,M05,2014 May,138511
CES0000000001,2014,M06,2014 Jun,138837
CES0000000001,2014,M07,2014 Jul,139069
CES0000000001,2014,M08,2014 Aug,139257
CES0000000001,2014,M09,2014 Sep,139566
CES0000000001,2014,M10,2014 Oct,139818
CES0000000001,2014,M11,2014 Nov,140109
CES0000000001,2014,M12,2014 Dec,140377
CES0000000001,2015,M01,2015 Jan,140568
CES0000000001,2015,M02,2015 Feb,140839
CES0000000001,2015,M03,2015 Mar,140910
CES0000000001,2015,M04,2015 Apr,141194
CES0000000001,2015,M05,2015 May,141525
CES0000000001,2015,M06,2015 Jun,141699
CES0000000001,2015,M07,2015 Jul,142001
CES0000000001,2015,M08,2015 Aug,142126
CES0000000001,2015,M09,2015 Sep,142281
CES0000000001,2015,M10,2015 Oct,142587
CES0000000001,2015,M11,2015 Nov,142824
CES0000000001,2015,M12,2015 Dec,143097
CES0000000001,2016,M01,2016 Jan,143205
CES0000000001,2016,M02,2016 Feb,143417
CES0000000001,2016,M03,2016 Mar,143654
CES0000000001,2016,M04,2016 Apr,143851
CES0000000001,2016,M05,2016 May,143892
CES0000000001,2016,M06,2016 Jun,144150
CES0000000001,2016,M07,2016 Jul,144521
CES0000000001,2016,M08,2016 Aug,144664
CES0000000001,2016,M09,2016 Sep,144953
CES0000000001,2016,M10,2016 Oct,145071
CES0000000001,2016,M11,2016 Nov,145201
CES0000000001,2016,M12,2016 Dec,145415
CES0000000001,2017,M01,2017 Jan,145612
CES0000000001,2017,M02,2017 Feb,145795
CES0000000001,2017,M03,2017 Mar,145934
CES0000000001,2017,M04,2017 Apr,146154
CES0000000001,2017,M05,2017 May,146295
CES0000000001,2017,M06,2017 Jun,146506
CES0000000001,2017,M07,2017 Jul,146734
CES0000000001,2017,M08,2017 Aug,146924
CES0000000001,2017,M09,2017 Sep,146966
CES0000000001,2017,M10,2017 Oct,147215
CES0000000001,2017,M11,2017 Nov,147411
CES0000000001,2017,M12,2017 Dec,147590
CES0000000001,2018,M01,2018 Jan,147671
CES0000000001,2018,M02,2018 Feb,148049
CES0000000001,2018,M03,2018 Mar,148244
CES0000000001,2018,M04,2018 Apr,148397
CES0000000001,2018,M05,2018 May,148667
CES0000000001,2018,M06,2018 Jun,148881
CES0000000001,2018,M07,2018 Jul,149030
CES0000000001,2018,M08,2018 Aug,149259
CES0000000001,2018,M09,2018 Sep,149364
CES0000000001,2018,M10,2018 Oct,149576
CES0000000001,2018,M11,2018 Nov,149668
CES0000000001,2018,M12,2018 Dec,149908
CES0000000001,2019,M01,2019 Jan,150145
CES0000000001,2019,M02,2019 Feb,150095
CES0000000001,2019,M03,2019 Mar,150263
CES0000000001,2019,M04,2019 Apr,150482
CES0000000001,2019,M05,2019 May,150545
CES0000000001,2019,M06,2019 Jun,150720
CES0000000001,2019,M07,2019 Jul,150913
CES0000000001,2019,M08,2019 Aug,151108
CES0000000001,2019,M09,2019 Sep,151329
CES0000000001,2019,M10,2019 Oct,151524
CES0000000001,2019,M11,2019 Nov,151758
CES0000000001,2019,M12,2019 Dec,151919
CES0000000001,2020,M01,2020 Jan,152234
CES0000000001,2020,M02,2020 Feb,152523
CES0000000001,2020,M03,2020 Mar,150840
CES0000000001,2020,M04,2020 Apr,130161
CES0000000001,2020,M05,2020 May,132994
CES0000000001,2020,M06,2020 Jun,137840
CES0000000001,2020,M07,2020 Jul,139566
CES0000000001,2020,M08,2020 Aug,141149
CES0000000001,2020,M09,2020 Sep,141865
CES0000000001,2020,M10,2020 Oct,142545
CES0000000001,2020,M11,2020 Nov,142809
CES0000000001,2020,M12,2020 Dec,142503
CES0000000001,2021,M01,2021 Jan,142736
CES0000000001,2021,M02,2021 Feb,143272
CES0000000001,2021,M03,2021 Mar,144057
CES0000000001,2021,M04,2021 Apr,144326
CES0000000001,2021,M05,2021 May,144940
CES0000000001,2021,M06,2021 Jun,145878
CES0000000001,2021,M07,2021 Jul,146821
CES0500000002,2006,M03,2006 Mar,34.2
CES0500000002,2006,M04,2006 Apr,34.3
CES0500000002,2006,M05,2006 May,34.3
CES0500000002,2006,M06,2006 Jun,34.4
CES0500000002,2006,M07,2006 Jul,34.4
CES0500000002,2006,M08,2006 Aug,34.3
CES0500000002,2006,M09,2006 Sep,34.4
CES0500000002,2006,M10,2006 Oct,34.3
CES0500000002,2006,M11,2006 Nov,34.4
CES0500000002,2006,M12,2006 Dec,34.4
CES0500000002,2007,M01,2007 Jan,34.3
CES0500000002,2007,M02,2007 Feb,34.3
CES0500000002,2007,M03,2007 Mar,34.4
CES0500000002,2007,M04,2007 Apr,34.3
CES0500000002,2007,M05,2007 May,34.4
CES0500000002,2007,M06,2007 Jun,34.5
CES0500000002,2007,M07,2007 Jul,34.4
CES0500000002,2007,M08,2007 Aug,34.4
CES0500000002,2007,M09,2007 Sep,34.4
CES0500000002,2007,M10,2007 Oct,34.3
CES0500000002,2007,M11,2007 Nov,34.4
CES0500000002,2007,M12,2007 Dec,34.4
CES0500000002,2008,M01,2008 Jan,34.4
CES0500000002,2008,M02,2008 Feb,34.4
CES0500000002,2008,M03,2008 Mar,34.5
CES0500000002,2008,M04,2008 Apr,34.3
CES0500000002,2008,M05,2008 May,34.4
CES0500000002,2008,M06,2008 Jun,34.4
CES0500000002,2008,M07,2008 Jul,34.3
CES0500000002,2008,M08,2008 Aug,34.3
CES0500000002,2008,M09,2008 Sep,34.2
CES0500000002,2008,M10,2008 Oct,34.2
CES0500000002,2008,M11,2008 Nov,34.1
CES0500000002,2008,M12,2008 Dec,33.9
CES0500000002,2009,M01,2009 Jan,34.0
CES0500000002,2009,M02,2009 Feb,34.0
CES0500000002,2009,M03,2009 Mar,33.8
CES0500000002,2009,M04,2009 Apr,33.8
CES0500000002,2009,M05,2009 May,33.8
CES0500000002,2009,M06,2009 Jun,33.7
CES0500000002,2009,M07,2009 Jul,33.8
CES0500000002,2009,M08,2009 Aug,33.8
CES0500000002,2009,M09,2009 Sep,33.9
CES0500000002,2009,M10,2009 Oct,33.8
CES0500000002,2009,M11,2009 Nov,33.9
CES0500000002,2009,M12,2009 Dec,33.9
CES0500000002,2010,M01,2010 Jan,34.1
CES0500000002,2010,M02,2010 Feb,33.8
CES0500000002,2010,M03,2010 Mar,34.0
CES0500000002,2010,M04,2010 Apr,34.1
CES0500000002,2010,M05,2010 May,34.1
CES0500000002,2010,M06,2010 Jun,34.1
CES0500000002,2010,M07,2010 Jul,34.2
CES0500000002,2010,M08,2010 Aug,34.2
CES0500000002,2010,M09,2010 Sep,34.3
CES0500000002,2010,M10,2010 Oct,34.3
CES0500000002,2010,M11,2010 Nov,34.2
CES0500000002,2010,M12,2010 Dec,34.3
CES0500000002,2011,M01,2011 Jan,34.2
CES0500000002,2011,M02,2011 Feb,34.3
CES0500000002,2011,M03,2011 Mar,34.3
CES0500000002,2011,M04,2011 Apr,34.4
CES0500000002,2011,M05,2011 May,34.3
CES0500000002,2011,M06,2011 Jun,34.3
CES0500000002,2011,M07,2011 Jul,34.4
CES0500000002,2011,M08,2011 Aug,34.3
CES0500000002,2011,M09,2011 Sep,34.4
CES0500000002,2011,M10,2011 Oct,34.4
CES0500000002,2011,M11,2011 Nov,34.4
CES0500000002,2011,M12,2011 Dec,34.4
CES0500000002,2012,M01,2012 Jan,34.5
CES0500000002,2012,M02,2012 Feb,34.5
CES0500000002,2012,M03,2012 Mar,34.4
CES0500000002,2012,M04,2012 Apr,34.5
CES0500000002,2012,M05,2012 May,34.4
CES0500000002,2012,M06,2012 Jun,34.4
CES0500000002,2012,M07,2012 Jul,34.4
CES0500000002,2012,M08,2012 Aug,34.4
CES0500000002,2012,M09,2012 Sep,34.4
CES0500000002,2012,M10,2012 Oct,34.4
CES0500000002,2012,M11,2012 Nov,34.4
CES0500000002,2012,M12,2012 Dec,34.5
CES0500000002,2013,M01,2013 Jan,34.4
CES0500000002,2013,M02,2013 Feb,34.5
CES0500000002,2013,M03,2013 Mar,34.5
CES0500000002,2013,M04,2013 Apr,34.4
CES0500000002,2013,M05,2013 May,34.5
CES0500000002,2013,M06,2013 Jun,34.5
CES0500000002,2013,M07,2013 Jul,34.4
CES0500000002,2013,M08,2013 Aug,34.5
CES0500000002,2013,M09,2013 Sep,34.4
CES0500000002,2013,M10,2013 Oct,34.4
CES0500000002,2013,M11,2013 Nov,34.5
CES0500000002,2013,M12,2013 Dec,34.4
CES0500000002,2014,M01,2014 Jan,34.4
CES0500000002,2014,M02,2014 Feb,34.3
CES0500000002,2014,M03,2014 Mar,34.5
CES0500000002,2014,M04,2014 Apr,34.5
CES0500000002,2014,M05,2014 May,34.5
CES0500000002,2014,M06,2014 Jun,34.5
CES0500000002,2014,M07,2014 Jul,34.5
CES0500000002,2014,M08,2014 Aug,34.6
CES0500000002,2014,M09,2014 Sep,34.5
CES0500000002,2014,M10,2014 Oct,34.6
CES0500000002,2014,M11,2014 Nov,34.6
CES0500000002,2014,M12,2014 Dec,34.6
CES0500000002,2015,M01,2015 Jan,34.5
CES0500000002,2015,M02,2015 Feb,34.6
CES0500000002,2015,M03,2015 Mar,34.5
CES0500000002,2015,M04,2015 Apr,34.5
CES0500000002,2015,M05,2015 May,34.5
CES0500000002,2015,M06,2015 Jun,34.5
CES0500000002,2015,M07,2015 Jul,34.5
CES0500000002,2015,M08,2015 Aug,34.5
CES0500000002,2015,M09,2015 Sep,34.5
CES0500000002,2015,M10,2015 Oct,34.6
CES0500000002,2015,M11,2015 Nov,34.5
CES0500000002,2015,M12,2015 Dec,34.5
CES0500000002,2016,M01,2016 Jan,34.6
CES0500000002,2016,M02,2016 Feb,34.4
CES0500000002,2016,M03,2016 Mar,34.4
CES0500000002,2016,M04,2016 Apr,34.4
CES0500000002,2016,M05,2016 May,34.4
CES0500000002,2016,M06,2016 Jun,34.4
CES0500000002,2016,M07,2016 Jul,34.4
CES0500000002,2016,M08,2016 Aug,34.3
CES0500000002,2016,M09,2016 Sep,34.4
CES0500000002,2016,M10,2016 Oct,34.4
CES0500000002,2016,M11,2016 Nov,34.4
CES0500000002,2016,M12,2016 Dec,34.4
CES0500000002,2017,M01,2017 Jan,34.4
CES0500000002,2017,M02,2017 Feb,34.3
CES0500000002,2017,M03,2017 Mar,34.3
CES0500000002,2017,M04,2017 Apr,34.4
CES0500000002,2017,M05,2017 May,34.3
CES0500000002,2017,M06,2017 Jun,34.4
CES0500000002,2017,M07,2017 Jul,34.4
CES0500000002,2017,M08,2017 Aug,34.4
CES0500000002,2017,M09,2017 Sep,34.4
CES0500000002,2017,M10,2017 Oct,34.4
CES0500000002,2017,M11,2017 Nov,34.5
CES0500000002,2017,M12,2017 Dec,34.5
CES0500000002,2018,M01,2018 Jan,34.4
CES0500000002,2018,M02,2018 Feb,34.5
CES0500000002,2018,M03,2018 Mar,34.5
CES0500000002,2018,M04,2018 Apr,34.5
CES0500000002,2018,M05,2018 May,34.5
CES0500000002,2018,M06,2018 Jun,34.5
CES0500000002,2018,M07,2018 Jul,34.5
CES0500000002,2018,M08,2018 Aug,34.5
CES0500000002,2018,M09,2018 Sep,34.4
CES0500000002,2018,M10,2018 Oct,34.5
CES0500000002,2018,M11,2018 Nov,34.4
CES0500000002,2018,M12,2018 Dec,34.5
CES0500000002,2019,M01,2019 Jan,34.5
CES0500000002,2019,M02,2019 Feb,34.4
CES0500000002,2019,M03,2019 Mar,34.5
CES0500000002,2019,M04,2019 Apr,34.4
CES0500000002,2019,M05,2019 May,34.4
CES0500000002,2019,M06,2019 Jun,34.4
CES0500000002,2019,M07,2019 Jul,34.3
CES0500000002,2019,M08,2019 Aug,34.4
CES0500000002,2019,M09,2019 Sep,34.4
CES0500000002,2019,M10,2019 Oct,34.4
CES0500000002,2019,M11,2019 Nov,34.3
CES0500000002,2019,M12,2019 Dec,34.3
CES0500000002,2020,M01,2020 Jan,34.3
CES0500000002,2020,M02,2020 Feb,34.4
CES0500000002,2020,M03,2020 Mar,34.1
CES0500000002,2020,M04,2020 Apr,34.2
CES0500000002,2020,M05,2020 May,34.7
CES0500000002,2020,M06,2020 Jun,34.6
CES0500000002,2020,M07,2020 Jul,34.6
CES0500000002,2020,M08,2020 Aug,34.7
CES0500000002,2020,M09,2020 Sep,34.8
CES0500000002,2020,M10,2020 Oct,34.8
CES0500000002,2020,M11,2020 Nov,34.8
CES0500000002,2020,M12,2020 Dec,34.7
CES0500000002,2021,M01,2021 Jan,35.0
CES0500000002,2021,M02,2021 Feb,34.6
CES0500000002,2021,M03,2021 Mar,34.9
CES0500000002,2021,M04,2021 Apr,34.9
CES0500000002,2021,M05,2021 May,34.8
CES0500000002,2021,M06,2021 Jun,34.8
CES0500000002,2021,M07,2021 Jul,34.8
CES2000000010,2000,M01,2000 Jan,844
CES2000000010,2000,M02,2000 Feb,847
CES2000000010,2000,M03,2000 Mar,847
CES2000000010,2000,M04,2000 Apr,848
CES2000000010,2000,M05,2000 May,849
CES2000000010,2000,M06,2000 Jun,849
CES2000000010,2000,M07,2000 Jul,849
CES2000000010,2000,M08,2000 Aug,848
CES2000000010,2000,M09,2000 Sep,848
CES2000000010,2000,M10,2000 Oct,847
CES2000000010,2000,M11,2000 Nov,843
CES2000000010,2000,M12,2000 Dec,833
CES2000000010,2001,M01,2001 Jan,827
CES2000000010,2001,M02,2001 Feb,832
CES2000000010,2001,M03,2001 Mar,834
CES2000000010,2001,M04,2001 Apr,833
CES2000000010,2001,M05,2001 May,833
CES2000000010,2001,M06,2001 Jun,833
CES2000000010,2001,M07,2001 Jul,831
CES2000000010,2001,M08,2001 Aug,831
CES2000000010,2001,M09,2001 Sep,832
CES2000000010,2001,M10,2001 Oct,831
CES2000000010,2001,M11,2001 Nov,828
CES2000000010,2001,M12,2001 Dec,831
CES2000000010,2002,M01,2002 Jan,831
CES2000000010,2002,M02,2002 Feb,830
CES2000000010,2002,M03,2002 Mar,831
CES2000000010,2002,M04,2002 Apr,827
CES2000000010,2002,M05,2002 May,826
CES2000000010,2002,M06,2002 Jun,822
CES2000000010,2002,M07,2002 Jul,821
CES2000000010,2002,M08,2002 Aug,825
CES2000000010,2002,M09,2002 Sep,825
CES2000000010,2002,M10,2002 Oct,825
CES2000000010,2002,M11,2002 Nov,828
CES2000000010,2002,M12,2002 Dec,830
CES2000000010,2003,M01,2003 Jan,828
CES2000000010,2003,M02,2003 Feb,824
CES2000000010,2003,M03,2003 Mar,821
CES2000000010,2003,M04,2003 Apr,819
CES2000000010,2003,M05,2003 May,818
CES2000000010,2003,M06,2003 Jun,819
CES2000000010,2003,M07,2003 Jul,822
CES2000000010,2003,M08,2003 Aug,821
CES2000000010,2003,M09,2003 Sep,820
CES2000000010,2003,M10,2003 Oct,822
CES2000000010,2003,M11,2003 Nov,822
CES2000000010,2003,M12,2003 Dec,823
CES2000000010,2004,M01,2004 Jan,824
CES2000000010,2004,M02,2004 Feb,828
CES2000000010,2004,M03,2004 Mar,830
CES2000000010,2004,M04,2004 Apr,834
CES2000000010,2004,M05,2004 May,838
CES2000000010,2004,M06,2004 Jun,840
CES2000000010,2004,M07,2004 Jul,842
CES2000000010,2004,M08,2004 Aug,845
CES2000000010,2004,M09,2004 Sep,846
CES2000000010,2004,M10,2004 Oct,851
CES2000000010,2004,M11,2004 Nov,853
CES2000000010,2004,M12,2004 Dec,856
CES2000000010,2005,M01,2005 Jan,858
CES2000000010,2005,M02,2005 Feb,859
CES2000000010,2005,M03,2005 Mar,866
CES2000000010,2005,M04,2005 Apr,873
CES2000000010,2005,M05,2005 May,885
CES2000000010,2005,M06,2005 Jun,889
CES2000000010,2005,M07,2005 Jul,891
CES2000000010,2005,M08,2005 Aug,898
CES2000000010,2005,M09,2005 Sep,903
CES2000000010,2005,M10,2005 Oct,908
CES2000000010,2005,M11,2005 Nov,917
CES2000000010,2005,M12,2005 Dec,924
CES2000000010,2006,M01,2006 Jan,934
CES2000000010,2006,M02,2006 Feb,940
CES2000000010,2006,M03,2006 Mar,943
CES2000000010,2006,M04,2006 Apr,945
CES2000000010,2006,M05,2006 May,944
CES2000000010,2006,M06,2006 Jun,942
CES2000000010,2006,M07,2006 Jul,940
CES2000000010,2006,M08,2006 Aug,944
CES2000000010,2006,M09,2006 Sep,949
CES2000000010,2006,M10,2006 Oct,948
CES2000000010,2006,M11,2006 Nov,943
CES2000000010,2006,M12,2006 Dec,947
CES2000000010,2007,M01,2007 Jan,948
CES2000000010,2007,M02,2007 Feb,950
CES2000000010,2007,M03,2007 Mar,949
CES2000000010,2007,M04,2007 Apr,953
CES2000000010,2007,M05,2007 May,952
CES2000000010,2007,M06,2007 Jun,949
CES2000000010,2007,M07,2007 Jul,951
CES2000000010,2007,M08,2007 Aug,941
CES2000000010,2007,M09,2007 Sep,942
CES2000000010,2007,M10,2007 Oct,944
CES2000000010,2007,M11,2007 Nov,942
CES2000000010,2007,M12,2007 Dec,937
CES2000000010,2008,M01,2008 Jan,937
CES2000000010,2008,M02,2008 Feb,937
CES2000000010,2008,M03,2008 Mar,938
CES2000000010,2008,M04,2008 Apr,930
CES2000000010,2008,M05,2008 May,926
CES2000000010,2008,M06,2008 Jun,924
CES2000000010,2008,M07,2008 Jul,918
CES2000000010,2008,M08,2008 Aug,914
CES2000000010,2008,M09,2008 Sep,905
CES2000000010,2008,M10,2008 Oct,895
CES2000000010,2008,M11,2008 Nov,889
CES2000000010,2008,M12,2008 Dec,875
CES2000000010,2009,M01,2009 Jan,866
CES2000000010,2009,M02,2009 Feb,847
CES2000000010,2009,M03,2009 Mar,830
CES2000000010,2009,M04,2009 Apr,823
CES2000000010,2009,M05,2009 May,813
CES2000000010,2009,M06,2009 Jun,801
CES2000000010,2009,M07,2009 Jul,791
CES2000000010,2009,M08,2009 Aug,783
CES2000000010,2009,M09,2009 Sep,778
CES2000000010,2009,M10,2009 Oct,769
CES2000000010,2009,M11,2009 Nov,758
CES2000000010,2009,M12,2009 Dec,752
CES2000000010,2010,M01,2010 Jan,743
CES2000000010,2010,M02,2010 Feb,738
CES2000000010,2010,M03,2010 Mar,734
CES2000000010,2010,M04,2010 Apr,730
CES2000000010,2010,M05,2010 May,728
CES2000000010,2010,M06,2010 Jun,725
CES2000000010,2010,M07,2010 Jul,721
CES2000000010,2010,M08,2010 Aug,717
CES2000000010,2010,M09,2010 Sep,712
CES2000000010,2010,M10,2010 Oct,710
CES2000000010,2010,M11,2010 Nov,710
CES2000000010,2010,M12,2010 Dec,708
CES2000000010,2011,M01,2011 Jan,708
CES2000000010,2011,M02,2011 Feb,710
CES2000000010,2011,M03,2011 Mar,709
CES2000000010,2011,M04,2011 Apr,710
CES2000000010,2011,M05,2011 May,707
CES2000000010,2011,M06,2011 Jun,709
CES2000000010,2011,M07,2011 Jul,711
CES2000000010,2011,M08,2011 Aug,710
CES2000000010,2011,M09,2011 Sep,712
CES2000000010,2011,M10,2011 Oct,714
CES2000000010,2011,M11,2011 Nov,714
CES2000000010,2011,M12,2011 Dec,716
CES2000000010,2012,M01,2012 Jan,717
CES2000000010,2012,M02,2012 Feb,717
CES2000000010,2012,M03,2012 Mar,717
CES2000000010,2012,M04,2012 Apr,719
CES2000000010,2012,M05,2012 May,718
CES2000000010,2012,M06,2012 Jun,721
CES2000000010,2012,M07,2012 Jul,727
CES2000000010,2012,M08,2012 Aug,728
CES2000000010,2012,M09,2012 Sep,730
CES2000000010,2012,M10,2012 Oct,729
CES2000000010,2012,M11,2012 Nov,731
CES2000000010,2012,M12,2012 Dec,734
CES2000000010,2013,M01,2013 Jan,737
CES2000000010,2013,M02,2013 Feb,738
CES2000000010,2013,M03,2013 Mar,740
CES2000000010,2013,M04,2013 Apr,742
CES2000000010,2013,M05,2013 May,745
CES2000000010,2013,M06,2013 Jun,746
CES2000000010,2013,M07,2013 Jul,747
CES2000000010,2013,M08,2013 Aug,749
CES2000000010,2013,M09,2013 Sep,751
CES2000000010,2013,M10,2013 Oct,753
CES2000000010,2013,M11,2013 Nov,756
CES2000000010,2013,M12,2013 Dec,755
CES2000000010,2014,M01,2014 Jan,758
CES2000000010,2014,M02,2014 Feb,763
CES2000000010,2014,M03,2014 Mar,768
CES2000000010,2014,M04,2014 Apr,769
CES2000000010,2014,M05,2014 May,772
CES2000000010,2014,M06,2014 Jun,777
CES2000000010,2014,M07,2014 Jul,781
CES2000000010,2014,M08,2014 Aug,785
CES2000000010,2014,M09,2014 Sep,788
CES2000000010,2014,M10,2014 Oct,795
CES2000000010,2014,M11,2014 Nov,797
CES2000000010,2014,M12,2014 Dec,802
CES2000000010,2015,M01,2015 Jan,802
CES2000000010,2015,M02,2015 Feb,803
CES2000000010,2015,M03,2015 Mar,802
CES2000000010,2015,M04,2015 Apr,808
CES2000000010,2015,M05,2015 May,812
CES2000000010,2015,M06,2015 Jun,815
CES2000000010,2015,M07,2015 Jul,819
CES2000000010,2015,M08,2015 Aug,818
CES2000000010,2015,M09,2015 Sep,818
CES2000000010,2015,M10,2015 Oct,816
CES2000000010,2015,M11,2015 Nov,821
CES2000000010,2015,M12,2015 Dec,819
CES2000000010,2016,M01,2016 Jan,827
CES2000000010,2016,M02,2016 Feb,830
CES2000000010,2016,M03,2016 Mar,837
CES2000000010,2016,M04,2016 Apr,836
CES2000000010,2016,M05,2016 May,836
CES2000000010,2016,M06,2016 Jun,839
CES2000000010,2016,M07,2016 Jul,838
CES2000000010,2016,M08,2016 Aug,841
CES2000000010,2016,M09,2016 Sep,844
CES2000000010,2016,M10,2016 Oct,851
CES2000000010,2016,M11,2016 Nov,852
CES2000000010,2016,M12,2016 Dec,857
CES2000000010,2017,M01,2017 Jan,861
CES2000000010,2017,M02,2017 Feb,871
CES2000000010,2017,M03,2017 Mar,866
CES2000000010,2017,M04,2017 Apr,871
CES2000000010,2017,M05,2017 May,875
CES2000000010,2017,M06,2017 Jun,876
CES2000000010,2017,M07,2017 Jul,881
CES2000000010,2017,M08,2017 Aug,886
CES2000000010,2017,M09,2017 Sep,890
CES2000000010,2017,M10,2017 Oct,892
CES2000000010,2017,M11,2017 Nov,900
CES2000000010,2017,M12,2017 Dec,904
CES2000000010,2018,M01,2018 Jan,909
CES2000000010,2018,M02,2018 Feb,923
CES2000000010,2018,M03,2018 Mar,920
CES2000000010,2018,M04,2018 Apr,924
CES2000000010,2018,M05,2018 May,927
CES2000000010,2018,M06,2018 Jun,933
CES2000000010,2018,M07,2018 Jul,934
CES2000000010,2018,M08,2018 Aug,938
CES2000000010,2018,M09,2018 Sep,945
CES2000000010,2018,M10,2018 Oct,948
CES2000000010,2018,M11,2018 Nov,958
CES2000000010,2018,M12,2018 Dec,954
CES2000000010,2019,M01,2019 Jan,959
CES2000000010,2019,M02,2019 Feb,961
CES2000000010,2019,M03,2019 Mar,962
CES2000000010,2019,M04,2019 Apr,961
CES2000000010,2019,M05,2019 May,968
CES2000000010,2019,M06,2019 Jun,969
CES2000000010,2019,M07,2019 Jul,975
CES2000000010,2019,M08,2019 Aug,976
CES2000000010,2019,M09,2019 Sep,974
CES2000000010,2019,M10,2019 Oct,980
CES2000000010,2019,M11,2019 Nov,984
CES2000000010,2019,M12,2019 Dec,987
CES2000000010,2020,M01,2020 Jan,990
CES2000000010,2020,M02,2020 Feb,996
CES2000000010,2020,M03,2020 Mar,983
CES2000000010,2020,M04,2020 Apr,884
CES2000000010,2020,M05,2020 May,932
CES2000000010,2020,M06,2020 Jun,952
CES2000000010,2020,M07,2020 Jul,954
CES2000000010,2020,M08,2020 Aug,966
CES2000000010,2020,M09,2020 Sep,969
CES2000000010,2020,M10,2020 Oct,973
CES2000000010,2020,M11,2020 Nov,978
CES2000000010,2020,M12,2020 Dec,983
CES2000000010,2021,M01,2021 Jan,988
CES2000000010,2021,M02,2021 Feb,993
CES2000000010,2021,M03,2021 Mar,999
CES2000000010,2021,M04,2021 Apr,1004
CES2000000010,2021,M05,2021 May,1008
CES2000000010,2021,M06,2021 Jun,1011
CES2000000010,2021,M07,2021 Jul,1014
CES3000000010,2000,M01,2000 Jan,5373
CES3000000010,2000,M02,2000 Feb,5379
CES3000000010,2000,M03,2000 Mar,5372
CES3000000010,2000,M04,2000 Apr,5371
CES3000000010,2000,M05,2000 May,5367
CES3000000010,2000,M06,2000 Jun,5367
CES3000000010,2000,M07,2000 Jul,5385
CES3000000010,2000,M08,2000 Aug,5366
CES3000000010,2000,M09,2000 Sep,5347
CES3000000010,2000,M10,2000 Oct,5341
CES3000000010,2000,M11,2000 Nov,5335
CES3000000010,2000,M12,2000 Dec,5320
CES3000000010,2001,M01,2001 Jan,5297
CES3000000010,2001,M02,2001 Feb,5267
CES3000000010,2001,M03,2001 Mar,5235
CES3000000010,2001,M04,2001 Apr,5183
CES3000000010,2001,M05,2001 May,5128
CES3000000010,2001,M06,2001 Jun,5068
CES3000000010,2001,M07,2001 Jul,5023
CES3000000010,2001,M08,2001 Aug,4960
CES3000000010,2001,M09,2001 Sep,4910
CES3000000010,2001,M10,2001 Oct,4854
CES3000000010,2001,M11,2001 Nov,4800
CES3000000010,2001,M12,2001 Dec,4758
CES3000000010,2002,M01,2002 Jan,4713
CES3000000010,2002,M02,2002 Feb,4681
CES3000000010,2002,M03,2002 Mar,4650
CES3000000010,2002,M04,2002 Apr,4625
CES3000000010,2002,M05,2002 May,4603
CES3000000010,2002,M06,2002 Jun,4586
CES3000000010,2002,M07,2002 Jul,4566
CES3000000010,2002,M08,2002 Aug,4542
CES3000000010,2002,M09,2002 Sep,4518
CES3000000010,2002,M10,2002 Oct,4495
CES3000000010,2002,M11,2002 Nov,4468
CES3000000010,2002,M12,2002 Dec,4440
CES3000000010,2003,M01,2003 Jan,4414
CES3000000010,2003,M02,2003 Feb,4393
CES3000000010,2003,M03,2003 Mar,4379
CES3000000010,2003,M04,2003 Apr,4338
CES3000000010,2003,M05,2003 May,4314
CES3000000010,2003,M06,2003 Jun,4286
CES3000000010,2003,M07,2003 Jul,4258
CES3000000010,2003,M08,2003 Aug,4239
CES3000000010,2003,M09,2003 Sep,4225
CES3000000010,2003,M10,2003 Oct,4217
CES3000000010,2003,M11,2003 Nov,4210
CES3000000010,2003,M12,2003 Dec,4203
CES3000000010,2004,M01,2004 Jan,4193
CES3000000010,2004,M02,2004 Feb,4194
CES3000000010,2004,M03,2004 Mar,4196
CES3000000010,2004,M04,2004 Apr,4201
CES3000000010,2004,M05,2004 May,4209
CES3000000010,2004,M06,2004 Jun,4204
CES3000000010,2004,M07,2004 Jul,4207
CES3000000010,2004,M08,2004 Aug,4206
CES3000000010,2004,M09,2004 Sep,4199
CES3000000010,2004,M10,2004 Oct,4190
CES3000000010,2004,M11,2004 Nov,4182
CES3000000010,2004,M12,2004 Dec,4171
CES3000000010,2005,M01,2005 Jan,4158
CES3000000010,2005,M02,2005 Feb,4160
CES3000000010,2005,M03,2005 Mar,4157
CES3000000010,2005,M04,2005 Apr,4152
CES3000000010,2005,M05,2005 May,4146
CES3000000010,2005,M06,2005 Jun,4143
CES3000000010,2005,M07,2005 Jul,4146
CES3000000010,2005,M08,2005 Aug,4130
CES3000000010,2005,M09,2005 Sep,4120
CES3000000010,2005,M10,2005 Oct,4112
CES3000000010,2005,M11,2005 Nov,4105
CES3000000010,2005,M12,2005 Dec,4100
CES3000000010,2006,M01,2006 Jan,4095
CES3000000010,2006,M02,2006 Feb,4090
CES3000000010,2006,M03,2006 Mar,4081
CES3000000010,2006,M04,2006 Apr,4075
CES3000000010,2006,M05,2006 May,4062
CES3000000010,2006,M06,2006 Jun,4063
CES3000000010,2006,M07,2006 Jul,4044
CES3000000010,2006,M08,2006 Aug,4035
CES3000000010,2006,M09,2006 Sep,4047
CES3000000010,2006,M10,2006 Oct,4035
CES3000000010,2006,M11,2006 Nov,4032
CES3000000010,2006,M12,2006 Dec,4033
CES3000000010,2007,M01,2007 Jan,4027
CES3000000010,2007,M02,2007 Feb,4021
CES3000000010,2007,M03,2007 Mar,4020
CES3000000010,2007,M04,2007 Apr,4011
CES3000000010,2007,M05,2007 May,4008
CES3000000010,2007,M06,2007 Jun,4005
CES3000000010,2007,M07,2007 Jul,4019
CES3000000010,2007,M08,2007 Aug,3996
CES3000000010,2007,M09,2007 Sep,3983
CES3000000010,2007,M10,2007 Oct,3974
CES3000000010,2007,M11,2007 Nov,3976
CES3000000010,2007,M12,2007 Dec,3966
CES3000000010,2008,M01,2008 Jan,3957
CES3000000010,2008,M02,2008 Feb,3949
CES3000000010,2008,M03,2008 Mar,3929
CES3000000010,2008,M04,2008 Apr,3913
CES3000000010,2008,M05,2008 May,3897
CES3000000010,2008,M06,2008 Jun,3875
CES3000000010,2008,M07,2008 Jul,3847
CES3000000010,2008,M08,2008 Aug,3825
CES3000000010,2008,M09,2008 Sep,3799
CES3000000010,2008,M10,2008 Oct,3764
CES3000000010,2008,M11,2008 Nov,3732
CES3000000010,2008,M12,2008 Dec,3687
CES3000000010,2009,M01,2009 Jan,3595
CES3000000010,2009,M02,2009 Feb,3542
CES3000000010,2009,M03,2009 Mar,3487
CES3000000010,2009,M04,2009 Apr,3444
CES3000000010,2009,M05,2009 May,3401
CES3000000010,2009,M06,2009 Jun,3365
CES3000000010,2009,M07,2009 Jul,3340
CES3000000010,2009,M08,2009 Aug,3326
CES3000000010,2009,M09,2009 Sep,3319
CES3000000010,2009,M10,2009 Oct,3304
CES3000000010,2009,M11,2009 Nov,3287
CES3000000010,2009,M12,2009 Dec,3276
CES3000000010,2010,M01,2010 Jan,3282
CES3000000010,2010,M02,2010 Feb,3273
CES3000000010,2010,M03,2010 Mar,3269
CES3000000010,2010,M04,2010 Apr,3270
CES3000000010,2010,M05,2010 May,3278
CES3000000010,2010,M06,2010 Jun,3273
CES3000000010,2010,M07,2010 Jul,3274
CES3000000010,2010,M08,2010 Aug,3271
CES3000000010,2010,M09,2010 Sep,3263
CES3000000010,2010,M10,2010 Oct,3254
CES3000000010,2010,M11,2010 Nov,3256
CES3000000010,2010,M12,2010 Dec,3260
CES3000000010,2011,M01,2011 Jan,3253
CES3000000010,2011,M02,2011 Feb,3254
CES3000000010,2011,M03,2011 Mar,3258
CES3000000010,2011,M04,2011 Apr,3252
CES3000000010,2011,M05,2011 May,3245
CES3000000010,2011,M06,2011 Jun,3246
CES3000000010,2011,M07,2011 Jul,3241
CES3000000010,2011,M08,2011 Aug,3235
CES3000000010,2011,M09,2011 Sep,3233
CES3000000010,2011,M10,2011 Oct,3232
CES3000000010,2011,M11,2011 Nov,3224
CES3000000010,2011,M12,2011 Dec,3223
CES3000000010,2012,M01,2012 Jan,3237
CES3000000010,2012,M02,2012 Feb,3237
CES3000000010,2012,M03,2012 Mar,3250
CES3000000010,2012,M04,2012 Apr,3259
CES3000000010,2012,M05,2012 May,3260
CES3000000010,2012,M06,2012 Jun,3265
CES3000000010,2012,M07,2012 Jul,3267
CES3000000010,2012,M08,2012 Aug,3267
CES3000000010,2012,M09,2012 Sep,3262
CES3000000010,2012,M10,2012 Oct,3262
CES3000000010,2012,M11,2012 Nov,3255
CES3000000010,2012,M12,2012 Dec,3251
CES3000000010,2013,M01,2013 Jan,3257
CES3000000010,2013,M02,2013 Feb,3257
CES3000000010,2013,M03,2013 Mar,3253
CES3000000010,2013,M04,2013 Apr,3253
CES3000000010,2013,M05,2013 May,3255
CES3000000010,2013,M06,2013 Jun,3256
CES3000000010,2013,M07,2013 Jul,3257
CES3000000010,2013,M08,2013 Aug,3259
CES3000000010,2013,M09,2013 Sep,3265
CES3000000010,2013,M10,2013 Oct,3272
CES3000000010,2013,M11,2013 Nov,3285
CES3000000010,2013,M12,2013 Dec,3284
CES3000000010,2014,M01,2014 Jan,3283
CES3000000010,2014,M02,2014 Feb,3294
CES3000000010,2014,M03,2014 Mar,3295
CES3000000010,2014,M04,2014 Apr,3298
CES3000000010,2014,M05,2014 May,3301
CES3000000010,2014,M06,2014 Jun,3304
CES3000000010,2014,M07,2014 Jul,3303
CES3000000010,2014,M08,2014 Aug,3318
CES3000000010,2014,M09,2014 Sep,3327
CES3000000010,2014,M10,2014 Oct,3334
CES3000000010,2014,M11,2014 Nov,3342
CES3000000010,2014,M12,2014 Dec,3348
CES3000000010,2015,M01,2015 Jan,3347
CES3000000010,2015,M02,2015 Feb,3349
CES3000000010,2015,M03,2015 Mar,3354
CES3000000010,2015,M04,2015 Apr,3355
CES3000000010,2015,M05,2015 May,3358
CES3000000010,2015,M06,2015 Jun,3367
CES3000000010,2015,M07,2015 Jul,3364
CES3000000010,2015,M08,2015 Aug,3355
CES3000000010,2015,M09,2015 Sep,3357
CES3000000010,2015,M10,2015 Oct,3364
CES3000000010,2015,M11,2015 Nov,3368
CES3000000010,2015,M12,2015 Dec,3371
CES3000000010,2016,M01,2016 Jan,3379
CES3000000010,2016,M02,2016 Feb,3378
CES3000000010,2016,M03,2016 Mar,3374
CES3000000010,2016,M04,2016 Apr,3379
CES3000000010,2016,M05,2016 May,3379
CES3000000010,2016,M06,2016 Jun,3386
CES3000000010,2016,M07,2016 Jul,3387
CES3000000010,2016,M08,2016 Aug,3387
CES3000000010,2016,M09,2016 Sep,3389
CES3000000010,2016,M10,2016 Oct,3388
CES3000000010,2016,M11,2016 Nov,3393
CES3000000010,2016,M12,2016 Dec,3401
CES3000000010,2017,M01,2017 Jan,3402
CES3000000010,2017,M02,2017 Feb,3408
CES3000000010,2017,M03,2017 Mar,3411
CES3000000010,2017,M04,2017 Apr,3415
CES3000000010,2017,M05,2017 May,3420
CES3000000010,2017,M06,2017 Jun,3427
CES3000000010,2017,M07,2017 Jul,3431
CES3000000010,2017,M08,2017 Aug,3440
CES3000000010,2017,M09,2017 Sep,3442
CES3000000010,2017,M10,2017 Oct,3448
CES3000000010,2017,M11,2017 Nov,3459
CES3000000010,2017,M12,2017 Dec,3471
CES3000000010,2018,M01,2018 Jan,3476
CES3000000010,2018,M02,2018 Feb,3494
CES3000000010,2018,M03,2018 Mar,3507
CES3000000010,2018,M04,2018 Apr,3519
CES3000000010,2018,M05,2018 May,3539
CES3000000010,2018,M06,2018 Jun,3553
CES3000000010,2018,M07,2018 Jul,3568
CES3000000010,2018,M08,2018 Aug,3574
CES3000000010,2018,M09,2018 Sep,3581
CES3000000010,2018,M10,2018 Oct,3590
CES3000000010,2018,M11,2018 Nov,3596
CES3000000010,2018,M12,2018 Dec,3598
CES3000000010,2019,M01,2019 Jan,3611
CES3000000010,2019,M02,2019 Feb,3617
CES3000000010,2019,M03,2019 Mar,3626
CES3000000010,2019,M04,2019 Apr,3629
CES3000000010,2019,M05,2019 May,3628
CES3000000010,2019,M06,2019 Jun,3630
CES3000000010,2019,M07,2019 Jul,3650
CES3000000010,2019,M08,2019 Aug,3645
CES3000000010,2019,M09,2019 Sep,3653
CES3000000010,2019,M10,2019 Oct,3645
CES3000000010,2019,M11,2019 Nov,3664
CES3000000010,2019,M12,2019 Dec,3665
CES3000000010,2020,M01,2020 Jan,3669
CES3000000010,2020,M02,2020 Feb,3671
CES3000000010,2020,M03,2020 Mar,3643
CES3000000010,2020,M04,2020 Apr,3210
CES3000000010,2020,M05,2020 May,3288
CES3000000010,2020,M06,2020 Jun,3412
CES3000000010,2020,M07,2020 Jul,3424
CES3000000010,2020,M08,2020 Aug,3453
CES3000000010,2020,M09,2020 Sep,3462
CES3000000010,2020,M10,2020 Oct,3482
CES3000000010,2020,M11,2020 Nov,3501
CES3000000010,2020,M12,2020 Dec,3514
CES3000000010,2021,M01,2021 Jan,3510
CES3000000010,2021,M02,2021 Feb,3521
CES3000000010,2021,M03,2021 Mar,3535
CES3000000010,2021,M04,2021 Apr,3529
CES3000000010,2021,M05,2021 May,3532
CES3000000010,2021,M06,2021 Jun,3532
CES3000000010,2021,M07,2021 Jul,3527
CES3232500010,2000,M01,2000 Jan,313.9
CES3232500010,2000,M02,2000 Feb,313.1
CES3232500010,2000,M03,2000 Mar,313.2
CES3232500010,2000,M04,2000 Apr,312.9
CES3232500010,2000,M05,2000 May,312.1
CES3232500010,2000,M06,2000 Jun,311.3
CES3232500010,2000,M07,2000 Jul,310.6
CES3232500010,2000,M08,2000 Aug,309.6
CES3232500010,2000,M09,2000 Sep,310.5
CES3232500010,2000,M10,2000 Oct,312.1
CES3232500010,2000,M11,2000 Nov,311.3
CES3232500010,2000,M12,2000 Dec,311.5
CES3232500010,2001,M01,2001 Jan,311.6
CES3232500010,2001,M02,2001 Feb,311.7
CES3232500010,2001,M03,2001 Mar,310.5
CES3232500010,2001,M04,2001 Apr,310.2
CES3232500010,2001,M05,2001 May,309.2
CES3232500010,2001,M06,2001 Jun,308.9
CES3232500010,2001,M07,2001 Jul,308.8
CES3232500010,2001,M08,2001 Aug,307.6
CES3232500010,2001,M09,2001 Sep,306.3
CES3232500010,2001,M10,2001 Oct,306.3
CES3232500010,2001,M11,2001 Nov,305.4
CES3232500010,2001,M12,2001 Dec,304.4
CES3232500010,2002,M01,2002 Jan,302.6
CES3232500010,2002,M02,2002 Feb,301.4
CES3232500010,2002,M03,2002 Mar,300.7
CES3232500010,2002,M04,2002 Apr,299.2
CES3232500010,2002,M05,2002 May,299.0
CES3232500010,2002,M06,2002 Jun,298.8
CES3232500010,2002,M07,2002 Jul,297.7
CES3232500010,2002,M08,2002 Aug,297.5
CES3232500010,2002,M09,2002 Sep,298.4
CES3232500010,2002,M10,2002 Oct,297.1
CES3232500010,2002,M11,2002 Nov,296.2
CES3232500010,2002,M12,2002 Dec,295.6
CES3232500010,2003,M01,2003 Jan,297.0
CES3232500010,2003,M02,2003 Feb,295.7
CES3232500010,2003,M03,2003 Mar,294.7
CES3232500010,2003,M04,2003 Apr,293.5
CES3232500010,2003,M05,2003 May,293.0
CES3232500010,2003,M06,2003 Jun,292.3
CES3232500010,2003,M07,2003 Jul,290.8
CES3232500010,2003,M08,2003 Aug,289.5
CES3232500010,2003,M09,2003 Sep,288.0
CES3232500010,2003,M10,2003 Oct,287.8
CES3232500010,2003,M11,2003 Nov,288.1
CES3232500010,2003,M12,2003 Dec,288.1
CES3232500010,2004,M01,2004 Jan,288.0
CES3232500010,2004,M02,2004 Feb,289.4
CES3232500010,2004,M03,2004 Mar,289.5
CES3232500010,2004,M04,2004 Apr,290.6
CES3232500010,2004,M05,2004 May,291.2
CES3232500010,2004,M06,2004 Jun,291.4
CES3232500010,2004,M07,2004 Jul,292.2
CES3232500010,2004,M08,2004 Aug,292.9
CES3232500010,2004,M09,2004 Sep,293.3
CES3232500010,2004,M10,2004 Oct,292.4
CES3232500010,2004,M11,2004 Nov,292.5
CES3232500010,2004,M12,2004 Dec,291.4
CES3232500010,2005,M01,2005 Jan,289.5
CES3232500010,2005,M02,2005 Feb,288.9
CES3232500010,2005,M03,2005 Mar,290.0
CES3232500010,2005,M04,2005 Apr,288.7
CES3232500010,2005,M05,2005 May,287.1
CES3232500010,2005,M06,2005 Jun,286.0
CES3232500010,2005,M07,2005 Jul,285.2
CES3232500010,2005,M08,2005 Aug,283.6
CES3232500010,2005,M09,2005 Sep,282.4
CES3232500010,2005,M10,2005 Oct,281.0
CES3232500010,2005,M11,2005 Nov,279.1
CES3232500010,2005,M12,2005 Dec,278.5
CES3232500010,2006,M01,2006 Jan,279.0
CES3232500010,2006,M02,2006 Feb,276.2
CES3232500010,2006,M03,2006 Mar,275.4
CES3232500010,2006,M04,2006 Apr,273.7
CES3232500010,2006,M05,2006 May,272.6
CES3232500010,2006,M06,2006 Jun,272.0
CES3232500010,2006,M07,2006 Jul,270.2
CES3232500010,2006,M08,2006 Aug,270.7
CES3232500010,2006,M09,2006 Sep,271.3
CES3232500010,2006,M10,2006 Oct,272.0
CES3232500010,2006,M11,2006 Nov,273.1
CES3232500010,2006,M12,2006 Dec,273.2
CES3232500010,2007,M01,2007 Jan,273.4
CES3232500010,2007,M02,2007 Feb,274.4
CES3232500010,2007,M03,2007 Mar,274.9
CES3232500010,2007,M04,2007 Apr,274.9
CES3232500010,2007,M05,2007 May,274.2
CES3232500010,2007,M06,2007 Jun,276.6
CES3232500010,2007,M07,2007 Jul,277.5
CES3232500010,2007,M08,2007 Aug,277.3
CES3232500010,2007,M09,2007 Sep,275.8
CES3232500010,2007,M10,2007 Oct,274.0
CES3232500010,2007,M11,2007 Nov,273.6
CES3232500010,2007,M12,2007 Dec,274.3
CES3232500010,2008,M01,2008 Jan,274.9
CES3232500010,2008,M02,2008 Feb,273.5
CES3232500010,2008,M03,2008 Mar,272.6
CES3232500010,2008,M04,2008 Apr,273.2
CES3232500010,2008,M05,2008 May,273.1
CES3232500010,2008,M06,2008 Jun,273.2
CES3232500010,2008,M07,2008 Jul,274.2
CES3232500010,2008,M08,2008 Aug,274.1
CES3232500010,2008,M09,2008 Sep,274.1
CES3232500010,2008,M10,2008 Oct,273.4
CES3232500010,2008,M11,2008 Nov,271.9
CES3232500010,2008,M12,2008 Dec,270.9
CES3232500010,2009,M01,2009 Jan,269.9
CES3232500010,2009,M02,2009 Feb,269.2
CES3232500010,2009,M03,2009 Mar,265.8
CES3232500010,2009,M04,2009 Apr,267.7
CES3232500010,2009,M05,2009 May,266.1
CES3232500010,2009,M06,2009 Jun,266.0
CES3232500010,2009,M07,2009 Jul,264.0
CES3232500010,2009,M08,2009 Aug,262.1
CES3232500010,2009,M09,2009 Sep,260.8
CES3232500010,2009,M10,2009 Oct,261.2
CES3232500010,2009,M11,2009 Nov,262.0
CES3232500010,2009,M12,2009 Dec,260.4
CES3232500010,2010,M01,2010 Jan,262.3
CES3232500010,2010,M02,2010 Feb,260.1
CES3232500010,2010,M03,2010 Mar,258.3
CES3232500010,2010,M04,2010 Apr,255.9
CES3232500010,2010,M05,2010 May,255.5
CES3232500010,2010,M06,2010 Jun,254.2
CES3232500010,2010,M07,2010 Jul,253.5
CES3232500010,2010,M08,2010 Aug,252.3
CES3232500010,2010,M09,2010 Sep,251.6
CES3232500010,2010,M10,2010 Oct,251.1
CES3232500010,2010,M11,2010 Nov,250.2
CES3232500010,2010,M12,2010 Dec,250.3
CES3232500010,2011,M01,2011 Jan,249.1
CES3232500010,2011,M02,2011 Feb,248.0
CES3232500010,2011,M03,2011 Mar,249.6
CES3232500010,2011,M04,2011 Apr,248.6
CES3232500010,2011,M05,2011 May,248.7
CES3232500010,2011,M06,2011 Jun,247.9
CES3232500010,2011,M07,2011 Jul,247.5
CES3232500010,2011,M08,2011 Aug,247.9
CES3232500010,2011,M09,2011 Sep,246.8
CES3232500010,2011,M10,2011 Oct,246.6
CES3232500010,2011,M11,2011 Nov,245.0
CES3232500010,2011,M12,2011 Dec,244.7
CES3232500010,2012,M01,2012 Jan,245.5
CES3232500010,2012,M02,2012 Feb,244.7
CES3232500010,2012,M03,2012 Mar,245.5
CES3232500010,2012,M04,2012 Apr,245.6
CES3232500010,2012,M05,2012 May,245.4
CES3232500010,2012,M06,2012 Jun,245.0
CES3232500010,2012,M07,2012 Jul,243.7
CES3232500010,2012,M08,2012 Aug,244.3
CES3232500010,2012,M09,2012 Sep,244.4
CES3232500010,2012,M10,2012 Oct,244.7
CES3232500010,2012,M11,2012 Nov,244.0
CES3232500010,2012,M12,2012 Dec,243.4
CES3232500010,2013,M01,2013 Jan,242.0
CES3232500010,2013,M02,2013 Feb,241.6
CES3232500010,2013,M03,2013 Mar,240.4
CES3232500010,2013,M04,2013 Apr,240.2
CES3232500010,2013,M05,2013 May,239.8
CES3232500010,2013,M06,2013 Jun,239.6
CES3232500010,2013,M07,2013 Jul,240.6
CES3232500010,2013,M08,2013 Aug,240.6
CES3232500010,2013,M09,2013 Sep,241.8
CES3232500010,2013,M10,2013 Oct,241.9
CES3232500010,2013,M11,2013 Nov,242.9
CES3232500010,2013,M12,2013 Dec,242.8
CES3232500010,2014,M01,2014 Jan,244.4
CES3232500010,2014,M02,2014 Feb,245.1
CES3232500010,2014,M03,2014 Mar,245.9
CES3232500010,2014,M04,2014 Apr,246.2
CES3232500010,2014,M05,2014 May,247.1
CES3232500010,2014,M06,2014 Jun,248.0
CES3232500010,2014,M07,2014 Jul,248.4
CES3232500010,2014,M08,2014 Aug,248.8
CES3232500010,2014,M09,2014 Sep,248.2
CES3232500010,2014,M10,2014 Oct,249.6
CES3232500010,2014,M11,2014 Nov,248.9
CES3232500010,2014,M12,2014 Dec,249.2
CES3232500010,2015,M01,2015 Jan,248.7
CES3232500010,2015,M02,2015 Feb,250.2
CES3232500010,2015,M03,2015 Mar,250.2
CES3232500010,2015,M04,2015 Apr,249.9
CES3232500010,2015,M05,2015 May,250.3
CES3232500010,2015,M06,2015 Jun,249.7
CES3232500010,2015,M07,2015 Jul,249.1
CES3232500010,2015,M08,2015 Aug,248.4
CES3232500010,2015,M09,2015 Sep,248.5
CES3232500010,2015,M10,2015 Oct,248.0
CES3232500010,2015,M11,2015 Nov,248.4
CES3232500010,2015,M12,2015 Dec,248.9
CES3232500010,2016,M01,2016 Jan,248.4
CES3232500010,2016,M02,2016 Feb,248.6
CES3232500010,2016,M03,2016 Mar,248.8
CES3232500010,2016,M04,2016 Apr,249.2
CES3232500010,2016,M05,2016 May,248.1
CES3232500010,2016,M06,2016 Jun,248.5
CES3232500010,2016,M07,2016 Jul,249.5
CES3232500010,2016,M08,2016 Aug,251.0
CES3232500010,2016,M09,2016 Sep,251.9
CES3232500010,2016,M10,2016 Oct,251.6
CES3232500010,2016,M11,2016 Nov,252.9
CES3232500010,2016,M12,2016 Dec,254.2
CES3232500010,2017,M01,2017 Jan,254.4
CES3232500010,2017,M02,2017 Feb,256.2
CES3232500010,2017,M03,2017 Mar,257.3
CES3232500010,2017,M04,2017 Apr,257.9
CES3232500010,2017,M05,2017 May,257.9
CES3232500010,2017,M06,2017 Jun,259.0
CES3232500010,2017,M07,2017 Jul,260.3
CES3232500010,2017,M08,2017 Aug,260.1
CES3232500010,2017,M09,2017 Sep,259.4
CES3232500010,2017,M10,2017 Oct,262.2
CES3232500010,2017,M11,2017 Nov,263.1
CES3232500010,2017,M12,2017 Dec,265.2
CES3232500010,2018,M01,2018 Jan,263.8
CES3232500010,2018,M02,2018 Feb,263.0
CES3232500010,2018,M03,2018 Mar,263.0
CES3232500010,2018,M04,2018 Apr,263.2
CES3232500010,2018,M05,2018 May,266.6
CES3232500010,2018,M06,2018 Jun,268.0
CES3232500010,2018,M07,2018 Jul,268.6
CES3232500010,2018,M08,2018 Aug,270.1
CES3232500010,2018,M09,2018 Sep,268.8
CES3232500010,2018,M10,2018 Oct,269.6
CES3232500010,2018,M11,2018 Nov,268.9
CES3232500010,2018,M12,2018 Dec,268.8
CES3232500010,2019,M01,2019 Jan,270.9
CES3232500010,2019,M02,2019 Feb,273.4
CES3232500010,2019,M03,2019 Mar,275.2
CES3232500010,2019,M04,2019 Apr,276.5
CES3232500010,2019,M05,2019 May,278.7
CES3232500010,2019,M06,2019 Jun,279.5
CES3232500010,2019,M07,2019 Jul,278.5
CES3232500010,2019,M08,2019 Aug,279.2
CES3232500010,2019,M09,2019 Sep,283.9
CES3232500010,2019,M10,2019 Oct,284.4
CES3232500010,2019,M11,2019 Nov,286.7
CES3232500010,2019,M12,2019 Dec,287.5
CES3232500010,2020,M01,2020 Jan,289.1
CES3232500010,2020,M02,2020 Feb,289.0
CES3232500010,2020,M03,2020 Mar,289.9
CES3232500010,2020,M04,2020 Apr,281.0
CES3232500010,2020,M05,2020 May,282.8
CES3232500010,2020,M06,2020 Jun,284.1
CES3232500010,2020,M07,2020 Jul,287.0
CES3232500010,2020,M08,2020 Aug,288.7
CES3232500010,2020,M09,2020 Sep,287.7
CES3232500010,2020,M10,2020 Oct,288.5
CES3232500010,2020,M11,2020 Nov,287.9
CES3232500010,2020,M12,2020 Dec,288.2
CES3232500010,2021,M01,2021 Jan,288.4
CES3232500010,2021,M02,2021 Feb,288.5
CES3232500010,2021,M03,2021 Mar,288.1
CES3232500010,2021,M04,2021 Apr,288.1
CES3232500010,2021,M05,2021 May,284.2
CES3232500010,2021,M06,2021 Jun,286.2
CES4142460010,2000,M01,2000 Jan,40.1
CES4142460010,2000,M02,2000 Feb,40.4
CES4142460010,2000,M03,2000 Mar,40.4
CES4142460010,2000,M04,2000 Apr,40.2
CES4142460010,2000,M05,2000 May,40.2
CES4142460010,2000,M06,2000 Jun,40.0
CES4142460010,2000,M07,2000 Jul,40.2
CES4142460010,2000,M08,2000 Aug,40.3
CES4142460010,2000,M09,2000 Sep,40.4
CES4142460010,2000,M10,2000 Oct,40.8
CES4142460010,2000,M11,2000 Nov,40.8
CES4142460010,2000,M12,2000 Dec,41.0
CES4142460010,2001,M01,2001 Jan,40.8
CES4142460010,2001,M02,2001 Feb,40.5
CES4142460010,2001,M03,2001 Mar,40.5
CES4142460010,2001,M04,2001 Apr,40.7
CES4142460010,2001,M05,2001 May,40.7
CES4142460010,2001,M06,2001 Jun,40.7
CES4142460010,2001,M07,2001 Jul,40.3
CES4142460010,2001,M08,2001 Aug,40.4
CES4142460010,2001,M09,2001 Sep,40.0
CES4142460010,2001,M10,2001 Oct,39.7
CES4142460010,2001,M11,2001 Nov,39.4
CES4142460010,2001,M12,2001 Dec,39.0
CES4142460010,2002,M01,2002 Jan,39.7
CES4142460010,2002,M02,2002 Feb,39.6
CES4142460010,2002,M03,2002 Mar,39.8
CES4142460010,2002,M04,2002 Apr,39.3
CES4142460010,2002,M05,2002 May,38.8
CES4142460010,2002,M06,2002 Jun,38.8
CES4142460010,2002,M07,2002 Jul,38.8
CES4142460010,2002,M08,2002 Aug,38.8
CES4142460010,2002,M09,2002 Sep,38.0
CES4142460010,2002,M10,2002 Oct,39.3
CES4142460010,2002,M11,2002 Nov,38.5
CES4142460010,2002,M12,2002 Dec,38.6
CES4142460010,2003,M01,2003 Jan,37.7
CES4142460010,2003,M02,2003 Feb,37.7
CES4142460010,2003,M03,2003 Mar,37.7
CES4142460010,2003,M04,2003 Apr,36.9
CES4142460010,2003,M05,2003 May,37.9
CES4142460010,2003,M06,2003 Jun,37.0
CES4142460010,2003,M07,2003 Jul,38.1
CES4142460010,2003,M08,2003 Aug,37.6
CES4142460010,2003,M09,2003 Sep,38.3
CES4142460010,2003,M10,2003 Oct,38.2
CES4142460010,2003,M11,2003 Nov,38.2
CES4142460010,2003,M12,2003 Dec,38.7
CES4142460010,2004,M01,2004 Jan,38.9
CES4142460010,2004,M02,2004 Feb,39.0
CES4142460010,2004,M03,2004 Mar,38.9
CES4142460010,2004,M04,2004 Apr,38.9
CES4142460010,2004,M05,2004 May,38.4
CES4142460010,2004,M06,2004 Jun,38.4
CES4142460010,2004,M07,2004 Jul,37.9
CES4142460010,2004,M08,2004 Aug,37.5
CES4142460010,2004,M09,2004 Sep,37.3
CES4142460010,2004,M10,2004 Oct,37.3
CES4142460010,2004,M11,2004 Nov,37.2
CES4142460010,2004,M12,2004 Dec,36.6
CES4142460010,2005,M01,2005 Jan,36.3
CES4142460010,2005,M02,2005 Feb,35.9
CES4142460010,2005,M03,2005 Mar,35.7
CES4142460010,2005,M04,2005 Apr,35.5
CES4142460010,2005,M05,2005 May,35.7
CES4142460010,2005,M06,2005 Jun,35.4
CES4142460010,2005,M07,2005 Jul,35.9
CES4142460010,2005,M08,2005 Aug,36.5
CES4142460010,2005,M09,2005 Sep,36.7
CES4142460010,2005,M10,2005 Oct,36.7
CES4142460010,2005,M11,2005 Nov,36.8
CES4142460010,2005,M12,2005 Dec,37.0
CES4142460010,2006,M01,2006 Jan,37.6
CES4142460010,2006,M02,2006 Feb,37.8
CES4142460010,2006,M03,2006 Mar,38.1
CES4142460010,2006,M04,2006 Apr,39.0
CES4142460010,2006,M05,2006 May,39.4
CES4142460010,2006,M06,2006 Jun,39.5
CES4142460010,2006,M07,2006 Jul,39.8
CES4142460010,2006,M08,2006 Aug,39.3
CES4142460010,2006,M09,2006 Sep,39.0
CES4142460010,2006,M10,2006 Oct,39.7
CES4142460010,2006,M11,2006 Nov,39.3
CES4142460010,2006,M12,2006 Dec,38.9
CES4142460010,2007,M01,2007 Jan,38.4
CES4142460010,2007,M02,2007 Feb,37.9
CES4142460010,2007,M03,2007 Mar,37.4
CES4142460010,2007,M04,2007 Apr,37.0
CES4142460010,2007,M05,2007 May,36.5
CES4142460010,2007,M06,2007 Jun,36.3
CES4142460010,2007,M07,2007 Jul,36.3
CES4142460010,2007,M08,2007 Aug,37.0
CES4142460010,2007,M09,2007 Sep,36.7
CES4142460010,2007,M10,2007 Oct,36.7
CES4142460010,2007,M11,2007 Nov,36.1
CES4142460010,2007,M12,2007 Dec,36.0
CES4142460010,2008,M01,2008 Jan,35.8
CES4142460010,2008,M02,2008 Feb,36.6
CES4142460010,2008,M03,2008 Mar,36.1
CES4142460010,2008,M04,2008 Apr,35.5
CES4142460010,2008,M05,2008 May,35.7
CES4142460010,2008,M06,2008 Jun,35.6
CES4142460010,2008,M07,2008 Jul,35.3
CES4142460010,2008,M08,2008 Aug,35.4
CES4142460010,2008,M09,2008 Sep,35.5
CES4142460010,2008,M10,2008 Oct,35.4
CES4142460010,2008,M11,2008 Nov,35.9
CES4142460010,2008,M12,2008 Dec,36.5
CES4142460010,2009,M01,2009 Jan,36.3
CES4142460010,2009,M02,2009 Feb,36.4
CES4142460010,2009,M03,2009 Mar,35.7
CES4142460010,2009,M04,2009 Apr,36.2
CES4142460010,2009,M05,2009 May,36.2
CES4142460010,2009,M06,2009 Jun,35.9
CES4142460010,2009,M07,2009 Jul,35.2
CES4142460010,2009,M08,2009 Aug,34.6
CES4142460010,2009,M09,2009 Sep,34.0
CES4142460010,2009,M10,2009 Oct,33.7
CES4142460010,2009,M11,2009 Nov,33.2
CES4142460010,2009,M12,2009 Dec,33.3
CES4142460010,2010,M01,2010 Jan,33.0
CES4142460010,2010,M02,2010 Feb,32.9
CES4142460010,2010,M03,2010 Mar,33.6
CES4142460010,2010,M04,2010 Apr,32.7
CES4142460010,2010,M05,2010 May,32.1
CES4142460010,2010,M06,2010 Jun,33.2
CES4142460010,2010,M07,2010 Jul,32.1
CES4142460010,2010,M08,2010 Aug,32.1
CES4142460010,2010,M09,2010 Sep,32.7
CES4142460010,2010,M10,2010 Oct,32.5
CES4142460010,2010,M11,2010 Nov,33.0
CES4142460010,2010,M12,2010 Dec,33.1
CES4142460010,2011,M01,2011 Jan,33.2
CES4142460010,2011,M02,2011 Feb,33.3
CES4142460010,2011,M03,2011 Mar,34.0
CES4142460010,2011,M04,2011 Apr,34.1
CES4142460010,2011,M05,2011 May,34.4
CES4142460010,2011,M06,2011 Jun,34.5
CES4142460010,2011,M07,2011 Jul,35.3
CES4142460010,2011,M08,2011 Aug,35.4
CES4142460010,2011,M09,2011 Sep,35.2
CES4142460010,2011,M10,2011 Oct,35.2
CES4142460010,2011,M11,2011 Nov,36.2
CES4142460010,2011,M12,2011 Dec,36.3
CES4142460010,2012,M01,2012 Jan,36.4
CES4142460010,2012,M02,2012 Feb,36.6
CES4142460010,2012,M03,2012 Mar,37.2
CES4142460010,2012,M04,2012 Apr,37.1
CES4142460010,2012,M05,2012 May,37.9
CES4142460010,2012,M06,2012 Jun,37.8
CES4142460010,2012,M07,2012 Jul,37.3
CES4142460010,2012,M08,2012 Aug,37.5
CES4142460010,2012,M09,2012 Sep,37.4
CES4142460010,2012,M10,2012 Oct,37.5
CES4142460010,2012,M11,2012 Nov,37.1
CES4142460010,2012,M12,2012 Dec,36.9
CES4142460010,2013,M01,2013 Jan,37.4
CES4142460010,2013,M02,2013 Feb,37.7
CES4142460010,2013,M03,2013 Mar,37.2
CES4142460010,2013,M04,2013 Apr,37.6
CES4142460010,2013,M05,2013 May,37.4
CES4142460010,2013,M06,2013 Jun,37.5
CES4142460010,2013,M07,2013 Jul,38.5
CES4142460010,2013,M08,2013 Aug,37.9
CES4142460010,2013,M09,2013 Sep,38.5
CES4142460010,2013,M10,2013 Oct,37.8
CES4142460010,2013,M11,2013 Nov,37.7
CES4142460010,2013,M12,2013 Dec,37.1
CES4142460010,2014,M01,2014 Jan,36.7
CES4142460010,2014,M02,2014 Feb,36.0
CES4142460010,2014,M03,2014 Mar,35.6
CES4142460010,2014,M04,2014 Apr,35.6
CES4142460010,2014,M05,2014 May,35.7
CES4142460010,2014,M06,2014 Jun,36.0
CES4142460010,2014,M07,2014 Jul,36.0
CES4142460010,2014,M08,2014 Aug,36.1
CES4142460010,2014,M09,2014 Sep,36.2
CES4142460010,2014,M10,2014 Oct,36.7
CES4142460010,2014,M11,2014 Nov,36.8
CES4142460010,2014,M12,2014 Dec,37.1
CES4142460010,2015,M01,2015 Jan,37.6
CES4142460010,2015,M02,2015 Feb,37.8
CES4142460010,2015,M03,2015 Mar,38.5
CES4142460010,2015,M04,2015 Apr,37.5
CES4142460010,2015,M05,2015 May,37.7
CES4142460010,2015,M06,2015 Jun,36.9
CES4142460010,2015,M07,2015 Jul,37.6
CES4142460010,2015,M08,2015 Aug,37.1
CES4142460010,2015,M09,2015 Sep,37.5
CES4142460010,2015,M10,2015 Oct,37.2
CES4142460010,2015,M11,2015 Nov,37.6
CES4142460010,2015,M12,2015 Dec,37.6
CES4142460010,2016,M01,2016 Jan,37.5
CES4142460010,2016,M02,2016 Feb,37.6
CES4142460010,2016,M03,2016 Mar,37.6
CES4142460010,2016,M04,2016 Apr,37.8
CES4142460010,2016,M05,2016 May,37.8
CES4142460010,2016,M06,2016 Jun,37.5
CES4142460010,2016,M07,2016 Jul,37.7
CES4142460010,2016,M08,2016 Aug,38.5
CES4142460010,2016,M09,2016 Sep,38.3
CES4142460010,2016,M10,2016 Oct,39.2
CES4142460010,2016,M11,2016 Nov,39.1
CES4142460010,2016,M12,2016 Dec,39.7
CES4142460010,2017,M01,2017 Jan,39.6
CES4142460010,2017,M02,2017 Feb,39.5
CES4142460010,2017,M03,2017 Mar,39.7
CES4142460010,2017,M04,2017 Apr,39.9
CES4142460010,2017,M05,2017 May,40.5
CES4142460010,2017,M06,2017 Jun,41.2
CES4142460010,2017,M07,2017 Jul,41.5
CES4142460010,2017,M08,2017 Aug,41.5
CES4142460010,2017,M09,2017 Sep,42.3
CES4142460010,2017,M10,2017 Oct,41.9
CES4142460010,2017,M11,2017 Nov,42.2
CES4142460010,2017,M12,2017 Dec,42.1
CES4142460010,2018,M01,2018 Jan,42.4
CES4142460010,2018,M02,2018 Feb,42.1
CES4142460010,2018,M03,2018 Mar,43.7
CES4142460010,2018,M04,2018 Apr,43.7
CES4142460010,2018,M05,2018 May,43.6
CES4142460010,2018,M06,2018 Jun,44.2
CES4142460010,2018,M07,2018 Jul,44.3
CES4142460010,2018,M08,2018 Aug,45.5
CES4142460010,2018,M09,2018 Sep,45.2
CES4142460010,2018,M10,2018 Oct,46.3
CES4142460010,2018,M11,2018 Nov,46.6
CES4142460010,2018,M12,2018 Dec,47.9
CES4142460010,2019,M01,2019 Jan,47.4
CES4142460010,2019,M02,2019 Feb,47.7
CES4142460010,2019,M03,2019 Mar,47.4
CES4142460010,2019,M04,2019 Apr,46.9
CES4142460010,2019,M05,2019 May,46.4
CES4142460010,2019,M06,2019 Jun,45.4
CES4142460010,2019,M07,2019 Jul,44.6
CES4142460010,2019,M08,2019 Aug,43.1
CES4142460010,2019,M09,2019 Sep,43.6
CES4142460010,2019,M10,2019 Oct,43.3
CES4142460010,2019,M11,2019 Nov,43.7
CES4142460010,2019,M12,2019 Dec,43.2
CES4142460010,2020,M01,2020 Jan,43.3
CES4142460010,2020,M02,2020 Feb,43.8
CES4142460010,2020,M03,2020 Mar,44.2
CES4142460010,2020,M04,2020 Apr,42.9
CES4142460010,2020,M05,2020 May,43.0
CES4142460010,2020,M06,2020 Jun,42.9
CES4142460010,2020,M07,2020 Jul,42.4
CES4142460010,2020,M08,2020 Aug,42.3
CES4142460010,2020,M09,2020 Sep,42.4
CES4142460010,2020,M10,2020 Oct,42.1
CES4142460010,2020,M11,2020 Nov,42.0
CES4142460010,2020,M12,2020 Dec,42.6
CES4142460010,2021,M01,2021 Jan,42.6
CES4142460010,2021,M02,2021 Feb,43.0
CES4142460010,2021,M03,2021 Mar,43.1
CES4142460010,2021,M04,2021 Apr,43.4
CES4142460010,2021,M05,2021 May,43.5
CES4142460010,2021,M06,2021 Jun,43.6
CES4142470010,2000,M01,2000 Jan,41.9
CES4142470010,2000,M02,2000 Feb,42.2
CES4142470010,2000,M03,2000 Mar,42.6
CES4142470010,2000,M04,2000 Apr,42.4
CES4142470010,2000,M05,2000 May,43.6
CES4142470010,2000,M06,2000 Jun,43.2
CES4142470010,2000,M07,2000 Jul,42.5
CES4142470010,2000,M08,2000 Aug,42.4
CES4142470010,2000,M09,2000 Sep,42.5
CES4142470010,2000,M10,2000 Oct,42.9
CES4142470010,2000,M11,2000 Nov,43.1
CES4142470010,2000,M12,2000 Dec,42.9
CES4142470010,2001,M01,2001 Jan,42.4
CES4142470010,2001,M02,2001 Feb,41.9
CES4142470010,2001,M03,2001 Mar,41.5
CES4142470010,2001,M04,2001 Apr,41.9
CES4142470010,2001,M05,2001 May,41.2
CES4142470010,2001,M06,2001 Jun,41.3
CES4142470010,2001,M07,2001 Jul,41.5
CES4142470010,2001,M08,2001 Aug,41.1
CES4142470010,2001,M09,2001 Sep,40.5
CES4142470010,2001,M10,2001 Oct,39.7
CES4142470010,2001,M11,2001 Nov,40.0
CES4142470010,2001,M12,2001 Dec,39.3
CES4142470010,2002,M01,2002 Jan,39.8
CES4142470010,2002,M02,2002 Feb,39.5
CES4142470010,2002,M03,2002 Mar,39.0
CES4142470010,2002,M04,2002 Apr,39.4
CES4142470010,2002,M05,2002 May,39.8
CES4142470010,2002,M06,2002 Jun,39.4
CES4142470010,2002,M07,2002 Jul,39.5
CES4142470010,2002,M08,2002 Aug,38.7
CES4142470010,2002,M09,2002 Sep,38.5
CES4142470010,2002,M10,2002 Oct,38.8
CES4142470010,2002,M11,2002 Nov,37.6
CES4142470010,2002,M12,2002 Dec,38.7
CES4142470010,2003,M01,2003 Jan,38.4
CES4142470010,2003,M02,2003 Feb,38.2
CES4142470010,2003,M03,2003 Mar,38.1
CES4142470010,2003,M04,2003 Apr,37.2
CES4142470010,2003,M05,2003 May,37.3
CES4142470010,2003,M06,2003 Jun,35.9
CES4142470010,2003,M07,2003 Jul,36.7
CES4142470010,2003,M08,2003 Aug,38.1
CES4142470010,2003,M09,2003 Sep,36.9
CES4142470010,2003,M10,2003 Oct,38.4
CES4142470010,2003,M11,2003 Nov,39.0
CES4142470010,2003,M12,2003 Dec,39.4
CES4142470010,2004,M01,2004 Jan,39.5
CES4142470010,2004,M02,2004 Feb,40.1
CES4142470010,2004,M03,2004 Mar,40.5
CES4142470010,2004,M04,2004 Apr,41.0
CES4142470010,2004,M05,2004 May,40.8
CES4142470010,2004,M06,2004 Jun,41.4
CES4142470010,2004,M07,2004 Jul,42.2
CES4142470010,2004,M08,2004 Aug,41.9
CES4142470010,2004,M09,2004 Sep,43.0
CES4142470010,2004,M10,2004 Oct,42.8
CES4142470010,2004,M11,2004 Nov,43.1
CES4142470010,2004,M12,2004 Dec,42.5
CES4142470010,2005,M01,2005 Jan,42.0
CES4142470010,2005,M02,2005 Feb,41.1
CES4142470010,2005,M03,2005 Mar,40.4
CES4142470010,2005,M04,2005 Apr,40.3
CES4142470010,2005,M05,2005 May,40.2
CES4142470010,2005,M06,2005 Jun,39.9
CES4142470010,2005,M07,2005 Jul,38.9
CES4142470010,2005,M08,2005 Aug,38.3
CES4142470010,2005,M09,2005 Sep,37.1
CES4142470010,2005,M10,2005 Oct,36.7
CES4142470010,2005,M11,2005 Nov,35.6
CES4142470010,2005,M12,2005 Dec,35.2
CES4142470010,2006,M01,2006 Jan,34.9
CES4142470010,2006,M02,2006 Feb,35.3
CES4142470010,2006,M03,2006 Mar,34.8
CES4142470010,2006,M04,2006 Apr,34.0
CES4142470010,2006,M05,2006 May,33.6
CES4142470010,2006,M06,2006 Jun,32.8
CES4142470010,2006,M07,2006 Jul,31.9
CES4142470010,2006,M08,2006 Aug,31.3
CES4142470010,2006,M09,2006 Sep,30.8
CES4142470010,2006,M10,2006 Oct,30.0
CES4142470010,2006,M11,2006 Nov,29.9
CES4142470010,2006,M12,2006 Dec,30.5
CES4142470010,2007,M01,2007 Jan,30.5
CES4142470010,2007,M02,2007 Feb,29.9
CES4142470010,2007,M03,2007 Mar,30.6
CES4142470010,2007,M04,2007 Apr,31.1
CES4142470010,2007,M05,2007 May,30.5
CES4142470010,2007,M06,2007 Jun,30.4
CES4142470010,2007,M07,2007 Jul,31.4
CES4142470010,2007,M08,2007 Aug,30.9
CES4142470010,2007,M09,2007 Sep,32.4
CES4142470010,2007,M10,2007 Oct,32.7
CES4142470010,2007,M11,2007 Nov,33.3
CES4142470010,2007,M12,2007 Dec,33.1
CES4142470010,2008,M01,2008 Jan,33.2
CES4142470010,2008,M02,2008 Feb,34.2
CES4142470010,2008,M03,2008 Mar,34.0
CES4142470010,2008,M04,2008 Apr,34.6
CES4142470010,2008,M05,2008 May,33.9
CES4142470010,2008,M06,2008 Jun,33.9
CES4142470010,2008,M07,2008 Jul,33.9
CES4142470010,2008,M08,2008 Aug,34.1
CES4142470010,2008,M09,2008 Sep,34.1
CES4142470010,2008,M10,2008 Oct,34.1
CES4142470010,2008,M11,2008 Nov,34.3
CES4142470010,2008,M12,2008 Dec,34.0
CES4142470010,2009,M01,2009 Jan,34.0
CES4142470010,2009,M02,2009 Feb,33.0
CES4142470010,2009,M03,2009 Mar,32.6
CES4142470010,2009,M04,2009 Apr,32.7
CES4142470010,2009,M05,2009 May,33.0
CES4142470010,2009,M06,2009 Jun,32.8
CES4142470010,2009,M07,2009 Jul,32.5
CES4142470010,2009,M08,2009 Aug,32.3
CES4142470010,2009,M09,2009 Sep,32.0
CES4142470010,2009,M10,2009 Oct,31.9
CES4142470010,2009,M11,2009 Nov,31.2
CES4142470010,2009,M12,2009 Dec,30.1
CES4142470010,2010,M01,2010 Jan,30.3
CES4142470010,2010,M02,2010 Feb,30.9
CES4142470010,2010,M03,2010 Mar,30.0
CES4142470010,2010,M04,2010 Apr,29.5
CES4142470010,2010,M05,2010 May,29.1
CES4142470010,2010,M06,2010 Jun,29.3
CES4142470010,2010,M07,2010 Jul,29.3
CES4142470010,2010,M08,2010 Aug,29.5
CES4142470010,2010,M09,2010 Sep,29.4
CES4142470010,2010,M10,2010 Oct,28.9
CES4142470010,2010,M11,2010 Nov,28.7
CES4142470010,2010,M12,2010 Dec,28.2
CES4142470010,2011,M01,2011 Jan,28.1
CES4142470010,2011,M02,2011 Feb,28.1
CES4142470010,2011,M03,2011 Mar,28.0
CES4142470010,2011,M04,2011 Apr,28.0
CES4142470010,2011,M05,2011 May,27.9
CES4142470010,2011,M06,2011 Jun,28.1
CES4142470010,2011,M07,2011 Jul,28.0
CES4142470010,2011,M08,2011 Aug,28.2
CES4142470010,2011,M09,2011 Sep,28.2
CES4142470010,2011,M10,2011 Oct,27.9
CES4142470010,2011,M11,2011 Nov,29.2
CES4142470010,2011,M12,2011 Dec,30.7
CES4142470010,2012,M01,2012 Jan,31.5
CES4142470010,2012,M02,2012 Feb,31.8
CES4142470010,2012,M03,2012 Mar,32.8
CES4142470010,2012,M04,2012 Apr,32.6
CES4142470010,2012,M05,2012 May,33.3
CES4142470010,2012,M06,2012 Jun,32.9
CES4142470010,2012,M07,2012 Jul,33.0
CES4142470010,2012,M08,2012 Aug,32.7
CES4142470010,2012,M09,2012 Sep,32.1
CES4142470010,2012,M10,2012 Oct,32.0
CES4142470010,2012,M11,2012 Nov,32.0
CES4142470010,2012,M12,2012 Dec,30.9
CES4142470010,2013,M01,2013 Jan,30.1
CES4142470010,2013,M02,2013 Feb,30.2
CES4142470010,2013,M03,2013 Mar,29.5
CES4142470010,2013,M04,2013 Apr,29.2
CES4142470010,2013,M05,2013 May,28.8
CES4142470010,2013,M06,2013 Jun,28.6
CES4142470010,2013,M07,2013 Jul,27.6
CES4142470010,2013,M08,2013 Aug,27.9
CES4142470010,2013,M09,2013 Sep,28.1
CES4142470010,2013,M10,2013 Oct,27.9
CES4142470010,2013,M11,2013 Nov,27.7
CES4142470010,2013,M12,2013 Dec,27.7
CES4142470010,2014,M01,2014 Jan,27.5
CES4142470010,2014,M02,2014 Feb,27.4
CES4142470010,2014,M03,2014 Mar,27.1
CES4142470010,2014,M04,2014 Apr,27.6
CES4142470010,2014,M05,2014 May,27.4
CES4142470010,2014,M06,2014 Jun,27.3
CES4142470010,2014,M07,2014 Jul,27.3
CES4142470010,2014,M08,2014 Aug,27.4
CES4142470010,2014,M09,2014 Sep,27.6
CES4142470010,2014,M10,2014 Oct,27.7
CES4142470010,2014,M11,2014 Nov,28.3
CES4142470010,2014,M12,2014 Dec,28.4
CES4142470010,2015,M01,2015 Jan,28.3
CES4142470010,2015,M02,2015 Feb,27.9
CES4142470010,2015,M03,2015 Mar,27.9
CES4142470010,2015,M04,2015 Apr,27.4
CES4142470010,2015,M05,2015 May,28.6
CES4142470010,2015,M06,2015 Jun,28.5
CES4142470010,2015,M07,2015 Jul,28.3
CES4142470010,2015,M08,2015 Aug,28.5
CES4142470010,2015,M09,2015 Sep,28.3
CES4142470010,2015,M10,2015 Oct,28.2
CES4142470010,2015,M11,2015 Nov,28.1
CES4142470010,2015,M12,2015 Dec,27.8
CES4142470010,2016,M01,2016 Jan,27.8
CES4142470010,2016,M02,2016 Feb,27.6
CES4142470010,2016,M03,2016 Mar,27.7
CES4142470010,2016,M04,2016 Apr,27.8
CES4142470010,2016,M05,2016 May,27.4
CES4142470010,2016,M06,2016 Jun,27.5
CES4142470010,2016,M07,2016 Jul,27.8
CES4142470010,2016,M08,2016 Aug,27.7
CES4142470010,2016,M09,2016 Sep,27.8
CES4142470010,2016,M10,2016 Oct,27.7
CES4142470010,2016,M11,2016 Nov,27.4
CES4142470010,2016,M12,2016 Dec,27.7
CES4142470010,2017,M01,2017 Jan,27.6
CES4142470010,2017,M02,2017 Feb,27.6
CES4142470010,2017,M03,2017 Mar,27.4
CES4142470010,2017,M04,2017 Apr,26.9
CES4142470010,2017,M05,2017 May,26.7
CES4142470010,2017,M06,2017 Jun,26.4
CES4142470010,2017,M07,2017 Jul,26.3
CES4142470010,2017,M08,2017 Aug,26.0
CES4142470010,2017,M09,2017 Sep,25.9
CES4142470010,2017,M10,2017 Oct,25.9
CES4142470010,2017,M11,2017 Nov,25.7
CES4142470010,2017,M12,2017 Dec,25.5
CES4142470010,2018,M01,2018 Jan,25.5
CES4142470010,2018,M02,2018 Feb,25.7
CES4142470010,2018,M03,2018 Mar,26.2
CES4142470010,2018,M04,2018 Apr,26.0
CES4142470010,2018,M05,2018 May,25.9
CES4142470010,2018,M06,2018 Jun,25.8
CES4142470010,2018,M07,2018 Jul,25.6
CES4142470010,2018,M08,2018 Aug,25.8
CES4142470010,2018,M09,2018 Sep,25.7
CES4142470010,2018,M10,2018 Oct,25.6
CES4142470010,2018,M11,2018 Nov,25.3
CES4142470010,2018,M12,2018 Dec,25.6
CES4142470010,2019,M01,2019 Jan,25.9
CES4142470010,2019,M02,2019 Feb,25.8
CES4142470010,2019,M03,2019 Mar,25.6
CES4142470010,2019,M04,2019 Apr,26.3
CES4142470010,2019,M05,2019 May,28.0
CES4142470010,2019,M06,2019 Jun,27.3
CES4142470010,2019,M07,2019 Jul,28.0
CES4142470010,2019,M08,2019 Aug,27.9
CES4142470010,2019,M09,2019 Sep,28.5
CES4142470010,2019,M10,2019 Oct,28.7
CES4142470010,2019,M11,2019 Nov,29.2
CES4142470010,2019,M12,2019 Dec,29.6
CES4142470010,2020,M01,2020 Jan,29.3
CES4142470010,2020,M02,2020 Feb,29.0
CES4142470010,2020,M03,2020 Mar,28.3
CES4142470010,2020,M04,2020 Apr,28.3
CES4142470010,2020,M05,2020 May,27.3
CES4142470010,2020,M06,2020 Jun,27.0
CES4142470010,2020,M07,2020 Jul,26.5
CES4142470010,2020,M08,2020 Aug,26.4
CES4142470010,2020,M09,2020 Sep,26.0
CES4142470010,2020,M10,2020 Oct,26.4
CES4142470010,2020,M11,2020 Nov,26.2
CES4142470010,2020,M12,2020 Dec,26.2
CES4142470010,2021,M01,2021 Jan,26.0
CES4142470010,2021,M02,2021 Feb,26.0
CES4142470010,2021,M03,2021 Mar,25.9
CES4142470010,2021,M04,2021 Apr,26.7
CES4142470010,2021,M05,2021 May,27.5
CES4142470010,2021,M06,2021 Jun,27.1
CES5000000010,2000,M01,2000 Jan,1663
CES5000000010,2000,M02,2000 Feb,1667
CES5000000010,2000,M03,2000 Mar,1675
CES5000000010,2000,M04,2000 Apr,1688
CES5000000010,2000,M05,2000 May,1693
CES5000000010,2000,M06,2000 Jun,1703
CES5000000010,2000,M07,2000 Jul,1708
CES5000000010,2000,M08,2000 Aug,1676
CES5000000010,2000,M09,2000 Sep,1720
CES5000000010,2000,M10,2000 Oct,1720
CES5000000010,2000,M11,2000 Nov,1724
CES5000000010,2000,M12,2000 Dec,1732
CES5000000010,2001,M01,2001 Jan,1730
CES5000000010,2001,M02,2001 Feb,1730
CES5000000010,2001,M03,2001 Mar,1725
CES5000000010,2001,M04,2001 Apr,1709
CES5000000010,2001,M05,2001 May,1699
CES5000000010,2001,M06,2001 Jun,1690
CES5000000010,2001,M07,2001 Jul,1681
CES5000000010,2001,M08,2001 Aug,1670
CES5000000010,2001,M09,2001 Sep,1658
CES5000000010,2001,M10,2001 Oct,1649
CES5000000010,2001,M11,2001 Nov,1640
CES5000000010,2001,M12,2001 Dec,1629
CES5000000010,2002,M01,2002 Jan,1616
CES5000000010,2002,M02,2002 Feb,1603
CES5000000010,2002,M03,2002 Mar,1595
CES5000000010,2002,M04,2002 Apr,1584
CES5000000010,2002,M05,2002 May,1570
CES5000000010,2002,M06,2002 Jun,1557
CES5000000010,2002,M07,2002 Jul,1547
CES5000000010,2002,M08,2002 Aug,1543
CES5000000010,2002,M09,2002 Sep,1520
CES5000000010,2002,M10,2002 Oct,1520
CES5000000010,2002,M11,2002 Nov,1509
CES5000000010,2002,M12,2002 Dec,1485
CES5000000010,2003,M01,2003 Jan,1474
CES5000000010,2003,M02,2003 Feb,1460
CES5000000010,2003,M03,2003 Mar,1452
CES5000000010,2003,M04,2003 Apr,1443
CES5000000010,2003,M05,2003 May,1433
CES5000000010,2003,M06,2003 Jun,1427
CES5000000010,2003,M07,2003 Jul,1419
CES5000000010,2003,M08,2003 Aug,1412
CES5000000010,2003,M09,2003 Sep,1404
CES5000000010,2003,M10,2003 Oct,1402
CES5000000010,2003,M11,2003 Nov,1401
CES5000000010,2003,M12,2003 Dec,1403
CES5000000010,2004,M01,2004 Jan,1389
CES5000000010,2004,M02,2004 Feb,1385
CES5000000010,2004,M03,2004 Mar,1378
CES5000000010,2004,M04,2004 Apr,1373
CES5000000010,2004,M05,2004 May,1376
CES5000000010,2004,M06,2004 Jun,1376
CES5000000010,2004,M07,2004 Jul,1368
CES5000000010,2004,M08,2004 Aug,1355
CES5000000010,2004,M09,2004 Sep,1348
CES5000000010,2004,M10,2004 Oct,1348
CES5000000010,2004,M11,2004 Nov,1346
CES5000000010,2004,M12,2004 Dec,1355
CES5000000010,2005,M01,2005 Jan,1348
CES5000000010,2005,M02,2005 Feb,1346
CES5000000010,2005,M03,2005 Mar,1342
CES5000000010,2005,M04,2005 Apr,1341
CES5000000010,2005,M05,2005 May,1334
CES5000000010,2005,M06,2005 Jun,1327
CES5000000010,2005,M07,2005 Jul,1330
CES5000000010,2005,M08,2005 Aug,1329
CES5000000010,2005,M09,2005 Sep,1330
CES5000000010,2005,M10,2005 Oct,1322
CES5000000010,2005,M11,2005 Nov,1324
CES5000000010,2005,M12,2005 Dec,1322
CES5000000010,2006,M01,2006 Jan,1324
CES5000000010,2006,M02,2006 Feb,1320
CES5000000010,2006,M03,2006 Mar,1321
CES5000000010,2006,M04,2006 Apr,1316
CES5000000010,2006,M05,2006 May,1311
CES5000000010,2006,M06,2006 Jun,1310
CES5000000010,2006,M07,2006 Jul,1302
CES5000000010,2006,M08,2006 Aug,1302
CES5000000010,2006,M09,2006 Sep,1296
CES5000000010,2006,M10,2006 Oct,1288
CES5000000010,2006,M11,2006 Nov,1290
CES5000000010,2006,M12,2006 Dec,1288
CES5000000010,2007,M01,2007 Jan,1284
CES5000000010,2007,M02,2007 Feb,1284
CES5000000010,2007,M03,2007 Mar,1284
CES5000000010,2007,M04,2007 Apr,1286
CES5000000010,2007,M05,2007 May,1288
CES5000000010,2007,M06,2007 Jun,1288
CES5000000010,2007,M07,2007 Jul,1287
CES5000000010,2007,M08,2007 Aug,1281
CES5000000010,2007,M09,2007 Sep,1287
CES5000000010,2007,M10,2007 Oct,1286
CES5000000010,2007,M11,2007 Nov,1281
CES5000000010,2007,M12,2007 Dec,1284
CES5000000010,2008,M01,2008 Jan,1279
CES5000000010,2008,M02,2008 Feb,1279
CES5000000010,2008,M03,2008 Mar,1275
CES5000000010,2008,M04,2008 Apr,1273
CES5000000010,2008,M05,2008 May,1272
CES5000000010,2008,M06,2008 Jun,1269
CES5000000010,2008,M07,2008 Jul,1261
CES5000000010,2008,M08,2008 Aug,1256
CES5000000010,2008,M09,2008 Sep,1249
CES5000000010,2008,M10,2008 Oct,1242
CES5000000010,2008,M11,2008 Nov,1237
CES5000000010,2008,M12,2008 Dec,1225
CES5000000010,2009,M01,2009 Jan,1217
CES5000000010,2009,M02,2009 Feb,1214
CES5000000010,2009,M03,2009 Mar,1202
CES5000000010,2009,M04,2009 Apr,1192
CES5000000010,2009,M05,2009 May,1176
CES5000000010,2009,M06,2009 Jun,1168
CES5000000010,2009,M07,2009 Jul,1162
CES5000000010,2009,M08,2009 Aug,1151
CES5000000010,2009,M09,2009 Sep,1153
CES5000000010,2009,M10,2009 Oct,1143
CES5000000010,2009,M11,2009 Nov,1134
CES5000000010,2009,M12,2009 Dec,1130
CES5000000010,2010,M01,2010 Jan,1125
CES5000000010,2010,M02,2010 Feb,1119
CES5000000010,2010,M03,2010 Mar,1114
CES5000000010,2010,M04,2010 Apr,1109
CES5000000010,2010,M05,2010 May,1105
CES5000000010,2010,M06,2010 Jun,1098
CES5000000010,2010,M07,2010 Jul,1100
CES5000000010,2010,M08,2010 Aug,1099
CES5000000010,2010,M09,2010 Sep,1097
CES5000000010,2010,M10,2010 Oct,1094
CES5000000010,2010,M11,2010 Nov,1098
CES5000000010,2010,M12,2010 Dec,1092
CES5000000010,2011,M01,2011 Jan,1090
CES5000000010,2011,M02,2011 Feb,1087
CES5000000010,2011,M03,2011 Mar,1087
CES5000000010,2011,M04,2011 Apr,1086
CES5000000010,2011,M05,2011 May,1086
CES5000000010,2011,M06,2011 Jun,1086
CES5000000010,2011,M07,2011 Jul,1087
CES5000000010,2011,M08,2011 Aug,1071
CES5000000010,2011,M09,2011 Sep,1083
CES5000000010,2011,M10,2011 Oct,1083
CES5000000010,2011,M11,2011 Nov,1083
CES5000000010,2011,M12,2011 Dec,1082
CES5000000010,2012,M01,2012 Jan,1078
CES5000000010,2012,M02,2012 Feb,1082
CES5000000010,2012,M03,2012 Mar,1080
CES5000000010,2012,M04,2012 Apr,1081
CES5000000010,2012,M05,2012 May,1081
CES5000000010,2012,M06,2012 Jun,1080
CES5000000010,2012,M07,2012 Jul,1079
CES5000000010,2012,M08,2012 Aug,1074
CES5000000010,2012,M09,2012 Sep,1070
CES5000000010,2012,M10,2012 Oct,1072
CES5000000010,2012,M11,2012 Nov,1070
CES5000000010,2012,M12,2012 Dec,1068
CES5000000010,2013,M01,2013 Jan,1073
CES5000000010,2013,M02,2013 Feb,1074
CES5000000010,2013,M03,2013 Mar,1072
CES5000000010,2013,M04,2013 Apr,1071
CES5000000010,2013,M05,2013 May,1076
CES5000000010,2013,M06,2013 Jun,1076
CES5000000010,2013,M07,2013 Jul,1082
CES5000000010,2013,M08,2013 Aug,1077
CES5000000010,2013,M09,2013 Sep,1082
CES5000000010,2013,M10,2013 Oct,1087
CES5000000010,2013,M11,2013 Nov,1090
CES5000000010,2013,M12,2013 Dec,1091
CES5000000010,2014,M01,2014 Jan,1090
CES5000000010,2014,M02,2014 Feb,1088
CES5000000010,2014,M03,2014 Mar,1092
CES5000000010,2014,M04,2014 Apr,1092
CES5000000010,2014,M05,2014 May,1088
CES5000000010,2014,M06,2014 Jun,1095
CES5000000010,2014,M07,2014 Jul,1093
CES5000000010,2014,M08,2014 Aug,1099
CES5000000010,2014,M09,2014 Sep,1096
CES5000000010,2014,M10,2014 Oct,1094
CES5000000010,2014,M11,2014 Nov,1097
CES5000000010,2014,M12,2014 Dec,1099
CES5000000010,2015,M01,2015 Jan,1103
CES5000000010,2015,M02,2015 Feb,1102
CES5000000010,2015,M03,2015 Mar,1101
CES5000000010,2015,M04,2015 Apr,1099
CES5000000010,2015,M05,2015 May,1102
CES5000000010,2015,M06,2015 Jun,1103
CES5000000010,2015,M07,2015 Jul,1103
CES5000000010,2015,M08,2015 Aug,1103
CES5000000010,2015,M09,2015 Sep,1105
CES5000000010,2015,M10,2015 Oct,1105
CES5000000010,2015,M11,2015 Nov,1103
CES5000000010,2015,M12,2015 Dec,1104
CES5000000010,2016,M01,2016 Jan,1105
CES5000000010,2016,M02,2016 Feb,1110
CES5000000010,2016,M03,2016 Mar,1111
CES5000000010,2016,M04,2016 Apr,1111
CES5000000010,2016,M05,2016 May,1099
CES5000000010,2016,M06,2016 Jun,1113
CES5000000010,2016,M07,2016 Jul,1113
CES5000000010,2016,M08,2016 Aug,1119
CES5000000010,2016,M09,2016 Sep,1126
CES5000000010,2016,M10,2016 Oct,1127
CES5000000010,2016,M11,2016 Nov,1127
CES5000000010,2016,M12,2016 Dec,1125
CES5000000010,2017,M01,2017 Jan,1125
CES5000000010,2017,M02,2017 Feb,1121
CES5000000010,2017,M03,2017 Mar,1119
CES5000000010,2017,M04,2017 Apr,1119
CES5000000010,2017,M05,2017 May,1118
CES5000000010,2017,M06,2017 Jun,1115
CES5000000010,2017,M07,2017 Jul,1116
CES5000000010,2017,M08,2017 Aug,1115
CES5000000010,2017,M09,2017 Sep,1112
CES5000000010,2017,M10,2017 Oct,1111
CES5000000010,2017,M11,2017 Nov,1110
CES5000000010,2017,M12,2017 Dec,1113
CES5000000010,2018,M01,2018 Jan,1111
CES5000000010,2018,M02,2018 Feb,1112
CES5000000010,2018,M03,2018 Mar,1115
CES5000000010,2018,M04,2018 Apr,1116
CES5000000010,2018,M05,2018 May,1119
CES5000000010,2018,M06,2018 Jun,1124
CES5000000010,2018,M07,2018 Jul,1119
CES5000000010,2018,M08,2018 Aug,1119
CES5000000010,2018,M09,2018 Sep,1120
CES5000000010,2018,M10,2018 Oct,1122
CES5000000010,2018,M11,2018 Nov,1123
CES5000000010,2018,M12,2018 Dec,1123
CES5000000010,2019,M01,2019 Jan,1121
CES5000000010,2019,M02,2019 Feb,1126
CES5000000010,2019,M03,2019 Mar,1131
CES5000000010,2019,M04,2019 Apr,1131
CES5000000010,2019,M05,2019 May,1130
CES5000000010,2019,M06,2019 Jun,1136
CES5000000010,2019,M07,2019 Jul,1140
CES5000000010,2019,M08,2019 Aug,1145
CES5000000010,2019,M09,2019 Sep,1143
CES5000000010,2019,M10,2019 Oct,1143
CES5000000010,2019,M11,2019 Nov,1148
CES5000000010,2019,M12,2019 Dec,1149
CES5000000010,2020,M01,2020 Jan,1152
CES5000000010,2020,M02,2020 Feb,1154
CES5000000010,2020,M03,2020 Mar,1151
CES5000000010,2020,M04,2020 Apr,1049
CES5000000010,2020,M05,2020 May,1031
CES5000000010,2020,M06,2020 Jun,1043
CES5000000010,2020,M07,2020 Jul,1029
CES5000000010,2020,M08,2020 Aug,1043
CES5000000010,2020,M09,2020 Sep,1062
CES5000000010,2020,M10,2020 Oct,1060
CES5000000010,2020,M11,2020 Nov,1058
CES5000000010,2020,M12,2020 Dec,1062
CES5000000010,2021,M01,2021 Jan,1070
CES5000000010,2021,M02,2021 Feb,1067
CES5000000010,2021,M03,2021 Mar,1066
CES5000000010,2021,M04,2021 Apr,1074
CES5000000010,2021,M05,2021 May,1075
CES5000000010,2021,M06,2021 Jun,1082
CES5000000010,2021,M07,2021 Jul,1086
CES9000000010,2000,M01,2000 Jan,11658
CES9000000010,2000,M02,2000 Feb,11679
CES9000000010,2000,M03,2000 Mar,11755
CES9000000010,2000,M04,2000 Apr,11791
CES9000000010,2000,M05,2000 May,12027
CES9000000010,2000,M06,2000 Jun,11870
CES9000000010,2000,M07,2000 Jul,11764
CES9000000010,2000,M08,2000 Aug,11791
CES9000000010,2000,M09,2000 Sep,11747
CES9000000010,2000,M10,2000 Oct,11726
CES9000000010,2000,M11,2000 Nov,11749
CES9000000010,2000,M12,2000 Dec,11752
CES9000000010,2001,M01,2001 Jan,11803
CES9000000010,2001,M02,2001 Feb,11829
CES9000000010,2001,M03,2001 Mar,11858
CES9000000010,2001,M04,2001 Apr,11894
CES9000000010,2001,M05,2001 May,11919
CES9000000010,2001,M06,2001 Jun,11952
CES9000000010,2001,M07,2001 Jul,12070
CES9000000010,2001,M08,2001 Aug,12074
CES9000000010,2001,M09,2001 Sep,12192
CES9000000010,2001,M10,2001 Oct,12178
CES9000000010,2001,M11,2001 Nov,12197
CES9000000010,2001,M12,2001 Dec,12222
CES9000000010,2002,M01,2002 Jan,12251
CES9000000010,2002,M02,2002 Feb,12263
CES9000000010,2002,M03,2002 Mar,12291
CES9000000010,2002,M04,2002 Apr,12295
CES9000000010,2002,M05,2002 May,12339
CES9000000010,2002,M06,2002 Jun,12326
CES9000000010,2002,M07,2002 Jul,12347
CES9000000010,2002,M08,2002 Aug,12399
CES9000000010,2002,M09,2002 Sep,12347
CES9000000010,2002,M10,2002 Oct,12341
CES9000000010,2002,M11,2002 Nov,12346
CES9000000010,2002,M12,2002 Dec,12356
CES9000000010,2003,M01,2003 Jan,12341
CES9000000010,2003,M02,2003 Feb,12342
CES9000000010,2003,M03,2003 Mar,12338
CES9000000010,2003,M04,2003 Apr,12352
CES9000000010,2003,M05,2003 May,12336
CES9000000010,2003,M06,2003 Jun,12334
CES9000000010,2003,M07,2003 Jul,12332
CES9000000010,2003,M08,2003 Aug,12223
CES9000000010,2003,M09,2003 Sep,12316
CES9000000010,2003,M10,2003 Oct,12324
CES9000000010,2003,M11,2003 Nov,12327
CES9000000010,2003,M12,2003 Dec,12344
CES9000000010,2004,M01,2004 Jan,12345
CES9000000010,2004,M02,2004 Feb,12344
CES9000000010,2004,M03,2004 Mar,12360
CES9000000010,2004,M04,2004 Apr,12366
CES9000000010,2004,M05,2004 May,12352
CES9000000010,2004,M06,2004 Jun,12320
CES9000000010,2004,M07,2004 Jul,12321
CES9000000010,2004,M08,2004 Aug,12245
CES9000000010,2004,M09,2004 Sep,12341
CES9000000010,2004,M10,2004 Oct,12355
CES9000000010,2004,M11,2004 Nov,12364
CES9000000010,2004,M12,2004 Dec,12377
CES9000000010,2005,M01,2005 Jan,12403
CES9000000010,2005,M02,2005 Feb,12422
CES9000000010,2005,M03,2005 Mar,12424
CES9000000010,2005,M04,2005 Apr,12425
CES9000000010,2005,M05,2005 May,12431
CES9000000010,2005,M06,2005 Jun,12419
CES9000000010,2005,M07,2005 Jul,12395
CES9000000010,2005,M08,2005 Aug,12372
CES9000000010,2005,M09,2005 Sep,12426
CES9000000010,2005,M10,2005 Oct,12348
CES9000000010,2005,M11,2005 Nov,12321
CES9000000010,2005,M12,2005 Dec,12286
CES9000000010,2006,M01,2006 Jan,12227
CES9000000010,2006,M02,2006 Feb,12198
CES9000000010,2006,M03,2006 Mar,12170
CES9000000010,2006,M04,2006 Apr,12146
CES9000000010,2006,M05,2006 May,12091
CES9000000010,2006,M06,2006 Jun,12070
CES9000000010,2006,M07,2006 Jul,12231
CES9000000010,2006,M08,2006 Aug,12255
CES9000000010,2006,M09,2006 Sep,12277
CES9000000010,2006,M10,2006 Oct,12303
CES9000000010,2006,M11,2006 Nov,12325
CES9000000010,2006,M12,2006 Dec,12346
CES9000000010,2007,M01,2007 Jan,12390
CES9000000010,2007,M02,2007 Feb,12443
CES9000000010,2007,M03,2007 Mar,12488
CES9000000010,2007,M04,2007 Apr,12516
CES9000000010,2007,M05,2007 May,12536
CES9000000010,2007,M06,2007 Jun,12561
CES9000000010,2007,M07,2007 Jul,12534
CES9000000010,2007,M08,2007 Aug,12634
CES9000000010,2007,M09,2007 Sep,12655
CES9000000010,2007,M10,2007 Oct,12688
CES9000000010,2007,M11,2007 Nov,12718
CES9000000010,2007,M12,2007 Dec,12755
CES9000000010,2008,M01,2008 Jan,12775
CES9000000010,2008,M02,2008 Feb,12812
CES9000000010,2008,M03,2008 Mar,12848
CES9000000010,2008,M04,2008 Apr,12872
CES9000000010,2008,M05,2008 May,12906
CES9000000010,2008,M06,2008 Jun,12923
CES9000000010,2008,M07,2008 Jul,12967
CES9000000010,2008,M08,2008 Aug,12950
CES9000000010,2008,M09,2008 Sep,12944
CES9000000010,2008,M10,2008 Oct,12939
CES9000000010,2008,M11,2008 Nov,12949
CES9000000010,2008,M12,2008 Dec,12945
CES9000000010,2009,M01,2009 Jan,12952
CES9000000010,2009,M02,2009 Feb,12954
CES9000000010,2009,M03,2009 Mar,12930
CES9000000010,2009,M04,2009 Apr,12967
CES9000000010,2009,M05,2009 May,12925
CES9000000010,2009,M06,2009 Jun,12912
CES9000000010,2009,M07,2009 Jul,12887
CES9000000010,2009,M08,2009 Aug,12894
CES9000000010,2009,M09,2009 Sep,12826
CES9000000010,2009,M10,2009 Oct,12870
CES9000000010,2009,M11,2009 Nov,12868
CES9000000010,2009,M12,2009 Dec,12851
CES9000000010,2010,M01,2010 Jan,12847
CES9000000010,2010,M02,2010 Feb,12835
CES9000000010,2010,M03,2010 Mar,12850
CES9000000010,2010,M04,2010 Apr,12874
CES9000000010,2010,M05,2010 May,13083
CES9000000010,2010,M06,2010 Jun,12972
CES9000000010,2010,M07,2010 Jul,12896
CES9000000010,2010,M08,2010 Aug,12798
CES9000000010,2010,M09,2010 Sep,12699
CES9000000010,2010,M10,2010 Oct,12712
CES9000000010,2010,M11,2010 Nov,12698
CES9000000010,2010,M12,2010 Dec,12687
CES9000000010,2011,M01,2011 Jan,12697
CES9000000010,2011,M02,2011 Feb,12667
CES9000000010,2011,M03,2011 Mar,12667
CES9000000010,2011,M04,2011 Apr,12671
CES9000000010,2011,M05,2011 May,12640
CES9000000010,2011,M06,2011 Jun,12662
CES9000000010,2011,M07,2011 Jul,12617
CES9000000010,2011,M08,2011 Aug,12562
CES9000000010,2011,M09,2011 Sep,12564
CES9000000010,2011,M10,2011 Oct,12565
CES9000000010,2011,M11,2011 Nov,12545
CES9000000010,2011,M12,2011 Dec,12533
CES9000000010,2012,M01,2012 Jan,12530
CES9000000010,2012,M02,2012 Feb,12522
CES9000000010,2012,M03,2012 Mar,12518
CES9000000010,2012,M04,2012 Apr,12506
CES9000000010,2012,M05,2012 May,12495
CES9000000010,2012,M06,2012 Jun,12494
CES9000000010,2012,M07,2012 Jul,12491
CES9000000010,2012,M08,2012 Aug,12486
CES9000000010,2012,M09,2012 Sep,12471
CES9000000010,2012,M10,2012 Oct,12463
CES9000000010,2012,M11,2012 Nov,12460
CES9000000010,2012,M12,2012 Dec,12468
CES9000000010,2013,M01,2013 Jan,12466
CES9000000010,2013,M02,2013 Feb,12479
CES9000000010,2013,M03,2013 Mar,12476
CES9000000010,2013,M04,2013 Apr,12475
CES9000000010,2013,M05,2013 May,12466
CES9000000010,2013,M06,2013 Jun,12440
CES9000000010,2013,M07,2013 Jul,12441
CES9000000010,2013,M08,2013 Aug,12456
CES9000000010,2013,M09,2013 Sep,12467
CES9000000010,2013,M10,2013 Oct,12466
CES9000000010,2013,M11,2013 Nov,12468
CES9000000010,2013,M12,2013 Dec,12456
CES9000000010,2014,M01,2014 Jan,12451
CES9000000010,2014,M02,2014 Feb,12453
CES9000000010,2014,M03,2014 Mar,12467
CES9000000010,2014,M04,2014 Apr,12485
CES9000000010,2014,M05,2014 May,12482
CES9000000010,2014,M06,2014 Jun,12490
CES9000000010,2014,M07,2014 Jul,12486
CES9000000010,2014,M08,2014 Aug,12463
CES9000000010,2014,M09,2014 Sep,12510
CES9000000010,2014,M10,2014 Oct,12516
CES9000000010,2014,M11,2014 Nov,12531
CES9000000010,2014,M12,2014 Dec,12540
CES9000000010,2015,M01,2015 Jan,12551
CES9000000010,2015,M02,2015 Feb,12577
CES9000000010,2015,M03,2015 Mar,12565
CES9000000010,2015,M04,2015 Apr,12582
CES9000000010,2015,M05,2015 May,12595
CES9000000010,2015,M06,2015 Jun,12603
CES9000000010,2015,M07,2015 Jul,12613
CES9000000010,2015,M08,2015 Aug,12615
CES9000000010,2015,M09,2015 Sep,12616
CES9000000010,2015,M10,2015 Oct,12627
CES9000000010,2015,M11,2015 Nov,12635
CES9000000010,2015,M12,2015 Dec,12651
CES9000000010,2016,M01,2016 Jan,12663
CES9000000010,2016,M02,2016 Feb,12675
CES9000000010,2016,M03,2016 Mar,12710
CES9000000010,2016,M04,2016 Apr,12715
CES9000000010,2016,M05,2016 May,12714
CES9000000010,2016,M06,2016 Jun,12708
CES9000000010,2016,M07,2016 Jul,12797
CES9000000010,2016,M08,2016 Aug,12792
CES9000000010,2016,M09,2016 Sep,12796
CES9000000010,2016,M10,2016 Oct,12784
CES9000000010,2016,M11,2016 Nov,12781
CES9000000010,2016,M12,2016 Dec,12785
CES9000000010,2017,M01,2017 Jan,12790
CES9000000010,2017,M02,2017 Feb,12799
CES9000000010,2017,M03,2017 Mar,12800
CES9000000010,2017,M04,2017 Apr,12803
CES9000000010,2017,M05,2017 May,12797
CES9000000010,2017,M06,2017 Jun,12803
CES9000000010,2017,M07,2017 Jul,12822
CES9000000010,2017,M08,2017 Aug,12825
CES9000000010,2017,M09,2017 Sep,12835
CES9000000010,2017,M10,2017 Oct,12837
CES9000000010,2017,M11,2017 Nov,12851
CES9000000010,2017,M12,2017 Dec,12857
CES9000000010,2018,M01,2018 Jan,12845
CES9000000010,2018,M02,2018 Feb,12880
CES9000000010,2018,M03,2018 Mar,12877
CES9000000010,2018,M04,2018 Apr,12883
CES9000000010,2018,M05,2018 May,12908
CES9000000010,2018,M06,2018 Jun,12921
CES9000000010,2018,M07,2018 Jul,12923
CES9000000010,2018,M08,2018 Aug,12954
CES9000000010,2018,M09,2018 Sep,12963
CES9000000010,2018,M10,2018 Oct,12966
CES9000000010,2018,M11,2018 Nov,12968
CES9000000010,2018,M12,2018 Dec,12983
CES9000000010,2019,M01,2019 Jan,12990
CES9000000010,2019,M02,2019 Feb,12984
CES9000000010,2019,M03,2019 Mar,12990
CES9000000010,2019,M04,2019 Apr,13013
CES9000000010,2019,M05,2019 May,13016
CES9000000010,2019,M06,2019 Jun,13029
CES9000000010,2019,M07,2019 Jul,13053
CES9000000010,2019,M08,2019 Aug,13088
CES9000000010,2019,M09,2019 Sep,13095
CES9000000010,2019,M10,2019 Oct,13105
CES9000000010,2019,M11,2019 Nov,13126
CES9000000010,2019,M12,2019 Dec,13130
CES9000000010,2020,M01,2020 Jan,13162
CES9000000010,2020,M02,2020 Feb,13191
CES9000000010,2020,M03,2020 Mar,13144
CES9000000010,2020,M04,2020 Apr,12561
CES9000000010,2020,M05,2020 May,12213
CES9000000010,2020,M06,2020 Jun,12250
CES9000000010,2020,M07,2020 Jul,12442
CES9000000010,2020,M08,2020 Aug,12698
CES9000000010,2020,M09,2020 Sep,12553
CES9000000010,2020,M10,2020 Oct,12408
CES9000000010,2020,M11,2020 Nov,12377
CES9000000010,2020,M12,2020 Dec,12332
CES9000000010,2021,M01,2021 Jan,12408
CES9000000010,2021,M02,2021 Feb,12360
CES9000000010,2021,M03,2021 Mar,12392
CES9000000010,2021,M04,2021 Apr,12431
CES9000000010,2021,M05,2021 May,12464
CES9000000010,2021,M06,2021 Jun,12583
CES9000000010,2021,M07,2021 Jul,12802
CEU0000000001,2000,M01,2000 Jan,128992
CEU0000000001,2000,M02,2000 Feb,129655
CEU0000000001,2000,M03,2000 Mar,130751
CEU0000000001,2000,M04,2000 Apr,131749
CEU0000000001,2000,M05,2000 May,132705
CEU0000000001,2000,M06,2000 Jun,133217
CEU0000000001,2000,M07,2000 Jul,131998
CEU0000000001,2000,M08,2000 Aug,132009
CEU0000000001,2000,M09,2000 Sep,132677
CEU0000000001,2000,M10,2000 Oct,133236
CEU0000000001,2000,M11,2000 Nov,133600
CEU0000000001,2000,M12,2000 Dec,133542
CEU0000000001,2001,M01,2001 Jan,130668
CEU0000000001,2001,M02,2001 Feb,131334
CEU0000000001,2001,M03,2001 Mar,131929
CEU0000000001,2001,M04,2001 Apr,132335
CEU0000000001,2001,M05,2001 May,133042
CEU0000000001,2001,M06,2001 Jun,133420
CEU0000000001,2001,M07,2001 Jul,131932
CEU0000000001,2001,M08,2001 Aug,131861
CEU0000000001,2001,M09,2001 Sep,132127
CEU0000000001,2001,M10,2001 Oct,132329
CEU0000000001,2001,M11,2001 Nov,132141
CEU0000000001,2001,M12,2001 Dec,131759
CEU0000000001,2002,M01,2002 Jan,128875
CEU0000000001,2002,M02,2002 Feb,129347
CEU0000000001,2002,M03,2002 Mar,129954
CEU0000000001,2002,M04,2002 Apr,130543
CEU0000000001,2002,M05,2002 May,131314
CEU0000000001,2002,M06,2002 Jun,131696
CEU0000000001,2002,M07,2002 Jul,130254
CEU0000000001,2002,M08,2002 Aug,130340
CEU0000000001,2002,M09,2002 Sep,130860
CEU0000000001,2002,M10,2002 Oct,131530
CEU0000000001,2002,M11,2002 Nov,131651
CEU0000000001,2002,M12,2002 Dec,131243
CEU0000000001,2003,M01,2003 Jan,128561
CEU0000000001,2003,M02,2003 Feb,128978
CEU0000000001,2003,M03,2003 Mar,129474
CEU0000000001,2003,M04,2003 Apr,130132
CEU0000000001,2003,M05,2003 May,130892
CEU0000000001,2003,M06,2003 Jun,131222
CEU0000000001,2003,M07,2003 Jul,129883
CEU0000000001,2003,M08,2003 Aug,129936
CEU0000000001,2003,M09,2003 Sep,130591
CEU0000000001,2003,M10,2003 Oct,131384
CEU0000000001,2003,M11,2003 Nov,131548
CEU0000000001,2003,M12,2003 Dec,131368
CEU0000000001,2004,M01,2004 Jan,128709
CEU0000000001,2004,M02,2004 Feb,129320
CEU0000000001,2004,M03,2004 Mar,130361
CEU0000000001,2004,M04,2004 Apr,131477
CEU0000000001,2004,M05,2004 May,132380
CEU0000000001,2004,M06,2004 Jun,132825
CEU0000000001,2004,M07,2004 Jul,131664
CEU0000000001,2004,M08,2004 Aug,131685
CEU0000000001,2004,M09,2004 Sep,132400
CEU0000000001,2004,M10,2004 Oct,133380
CEU0000000001,2004,M11,2004 Nov,133631
CEU0000000001,2004,M12,2004 Dec,133400
CEU0000000001,2005,M01,2005 Jan,130696
CEU0000000001,2005,M02,2005 Feb,131519
CEU0000000001,2005,M03,2005 Mar,132358
CEU0000000001,2005,M04,2005 Apr,133572
CEU0000000001,2005,M05,2005 May,134385
CEU0000000001,2005,M06,2005 Jun,135054
CEU0000000001,2005,M07,2005 Jul,133993
CEU0000000001,2005,M08,2005 Aug,134244
CEU0000000001,2005,M09,2005 Sep,134871
CEU0000000001,2005,M10,2005 Oct,135599
CEU0000000001,2005,M11,2005 Nov,136157
CEU0000000001,2005,M12,2005 Dec,135956
CEU0000000001,2006,M01,2006 Jan,133303
CEU0000000001,2006,M02,2006 Feb,134228
CEU0000000001,2006,M03,2006 Mar,135209
CEU0000000001,2006,M04,2006 Apr,136123
CEU0000000001,2006,M05,2006 May,136928
CEU0000000001,2006,M06,2006 Jun,137432
CEU0000000001,2006,M07,2006 Jul,136255
CEU0000000001,2006,M08,2006 Aug,136462
CEU0000000001,2006,M09,2006 Sep,137131
CEU0000000001,2006,M10,2006 Oct,137831
CEU0000000001,2006,M11,2006 Nov,138217
CEU0000000001,2006,M12,2006 Dec,138106
CEU0000000001,2007,M01,2007 Jan,135317
CEU0000000001,2007,M02,2007 Feb,136008
CEU0000000001,2007,M03,2007 Mar,136906
CEU0000000001,2007,M04,2007 Apr,137712
CEU0000000001,2007,M05,2007 May,138655
CEU0000000001,2007,M06,2007 Jun,139157
CEU0000000001,2007,M07,2007 Jul,137760
CEU0000000001,2007,M08,2007 Aug,137872
CEU0000000001,2007,M09,2007 Sep,138437
CEU0000000001,2007,M10,2007 Oct,139180
CEU0000000001,2007,M11,2007 Nov,139492
CEU0000000001,2007,M12,2007 Dec,139279
CEU0000000001,2008,M01,2008 Jan,136250
CEU0000000001,2008,M02,2008 Feb,136769
CEU0000000001,2008,M03,2008 Mar,137361
CEU0000000001,2008,M04,2008 Apr,137896
CEU0000000001,2008,M05,2008 May,138470
CEU0000000001,2008,M06,2008 Jun,138665
CEU0000000001,2008,M07,2008 Jul,137185
CEU0000000001,2008,M08,2008 Aug,137077
CEU0000000001,2008,M09,2008 Sep,137130
CEU0000000001,2008,M10,2008 Oct,137425
CEU0000000001,2008,M11,2008 Nov,136743
CEU0000000001,2008,M12,2008 Dec,135715
CEU0000000001,2009,M01,2009 Jan,132024
CEU0000000001,2009,M02,2009 Feb,131791
CEU0000000001,2009,M03,2009 Mar,131658
CEU0000000001,2009,M04,2009 Apr,131842
CEU0000000001,2009,M05,2009 May,132115
CEU0000000001,2009,M06,2009 Jun,131934
CEU0000000001,2009,M07,2009 Jul,130336
CEU0000000001,2009,M08,2009 Aug,130215
CEU0000000001,2009,M09,2009 Sep,130573
CEU0000000001,2009,M10,2009 Oct,131172
CEU0000000001,2009,M11,2009 Nov,131220
CEU0000000001,2009,M12,2009 Dec,130673
CEU0000000001,2010,M01,2010 Jan,127804
CEU0000000001,2010,M02,2010 Feb,128239
CEU0000000001,2010,M03,2010 Mar,129073
CEU0000000001,2010,M04,2010 Apr,130196
CEU0000000001,2010,M05,2010 May,131314
CEU0000000001,2010,M06,2010 Jun,131432
CEU0000000001,2010,M07,2010 Jul,130094
CEU0000000001,2010,M08,2010 Aug,130158
CEU0000000001,2010,M09,2010 Sep,130652
CEU0000000001,2010,M10,2010 Oct,131624
CEU0000000001,2010,M11,2010 Nov,131930
CEU0000000001,2010,M12,2010 Dec,131624
CEU0000000001,2011,M01,2011 Jan,128761
CEU0000000001,2011,M02,2011 Feb,129575
CEU0000000001,2011,M03,2011 Mar,130481
CEU0000000001,2011,M04,2011 Apr,131698
CEU0000000001,2011,M05,2011 May,132382
CEU0000000001,2011,M06,2011 Jun,132871
CEU0000000001,2011,M07,2011 Jul,131597
CEU0000000001,2011,M08,2011 Aug,131872
CEU0000000001,2011,M09,2011 Sep,132618
CEU0000000001,2011,M10,2011 Oct,133541
CEU0000000001,2011,M11,2011 Nov,133876
CEU0000000001,2011,M12,2011 Dec,133701
CEU0000000001,2012,M01,2012 Jan,131095
CEU0000000001,2012,M02,2012 Feb,132049
CEU0000000001,2012,M03,2012 Mar,132953
CEU0000000001,2012,M04,2012 Apr,133836
CEU0000000001,2012,M05,2012 May,134650
CEU0000000001,2012,M06,2012 Jun,134987
CEU0000000001,2012,M07,2012 Jul,133778
CEU0000000001,2012,M08,2012 Aug,134157
CEU0000000001,2012,M09,2012 Sep,134785
CEU0000000001,2012,M10,2012 Oct,135632
CEU0000000001,2012,M11,2012 Nov,136021
CEU0000000001,2012,M12,2012 Dec,135946
CEU0000000001,2013,M01,2013 Jan,133064
CEU0000000001,2013,M02,2013 Feb,134102
CEU0000000001,2013,M03,2013 Mar,134901
CEU0000000001,2013,M04,2013 Apr,135906
CEU0000000001,2013,M05,2013 May,136799
CEU0000000001,2013,M06,2013 Jun,137208
CEU0000000001,2013,M07,2013 Jul,136034
CEU0000000001,2013,M08,2013 Aug,136471
CEU0000000001,2013,M09,2013 Sep,137079
CEU0000000001,2013,M10,2013 Oct,138001
CEU0000000001,2013,M11,2013 Nov,138526
CEU0000000001,2013,M12,2013 Dec,138275
CEU0000000001,2014,M01,2014 Jan,135471
CEU0000000001,2014,M02,2014 Feb,136211
CEU0000000001,2014,M03,2014 Mar,137169
CEU0000000001,2014,M04,2014 Apr,138307
CEU0000000001,2014,M05,2014 May,139219
CEU0000000001,2014,M06,2014 Jun,139806
CEU0000000001,2014,M07,2014 Jul,138727
CEU0000000001,2014,M08,2014 Aug,139107
CEU0000000001,2014,M09,2014 Sep,139793
CEU0000000001,2014,M10,2014 Oct,140847
CEU0000000001,2014,M11,2014 Nov,141312
CEU0000000001,2014,M12,2014 Dec,141308
CEU0000000001,2015,M01,2015 Jan,138493
CEU0000000001,2015,M02,2015 Feb,139324
CEU0000000001,2015,M03,2015 Mar,140081
CEU0000000001,2015,M04,2015 Apr,141264
CEU0000000001,2015,M05,2015 May,142206
CEU0000000001,2015,M06,2015 Jun,142681
CEU0000000001,2015,M07,2015 Jul,141729
CEU0000000001,2015,M08,2015 Aug,141921
CEU0000000001,2015,M09,2015 Sep,142479
CEU0000000001,2015,M10,2015 Oct,143627
CEU0000000001,2015,M11,2015 Nov,144048
CEU0000000001,2015,M12,2015 Dec,144046
CEU0000000001,2016,M01,2016 Jan,141072
CEU0000000001,2016,M02,2016 Feb,141903
CEU0000000001,2016,M03,2016 Mar,142798
CEU0000000001,2016,M04,2016 Apr,143892
CEU0000000001,2016,M05,2016 May,144541
CEU0000000001,2016,M06,2016 Jun,145205
CEU0000000001,2016,M07,2016 Jul,144232
CEU0000000001,2016,M08,2016 Aug,144485
CEU0000000001,2016,M09,2016 Sep,145151
CEU0000000001,2016,M10,2016 Oct,146033
CEU0000000001,2016,M11,2016 Nov,146465
CEU0000000001,2016,M12,2016 Dec,146253
CEU0000000001,2017,M01,2017 Jan,143377
CEU0000000001,2017,M02,2017 Feb,144406
CEU0000000001,2017,M03,2017 Mar,145062
CEU0000000001,2017,M04,2017 Apr,146086
CEU0000000001,2017,M05,2017 May,146925
CEU0000000001,2017,M06,2017 Jun,147568
CEU0000000001,2017,M07,2017 Jul,146465
CEU0000000001,2017,M08,2017 Aug,146782
CEU0000000001,2017,M09,2017 Sep,147170
CEU0000000001,2017,M10,2017 Oct,148183
CEU0000000001,2017,M11,2017 Nov,148757
CEU0000000001,2017,M12,2017 Dec,148510
CEU0000000001,2018,M01,2018 Jan,145412
CEU0000000001,2018,M02,2018 Feb,146649
CEU0000000001,2018,M03,2018 Mar,147352
CEU0000000001,2018,M04,2018 Apr,148329
CEU0000000001,2018,M05,2018 May,149264
CEU0000000001,2018,M06,2018 Jun,149930
CEU0000000001,2018,M07,2018 Jul,148766
CEU0000000001,2018,M08,2018 Aug,149236
CEU0000000001,2018,M09,2018 Sep,149548
CEU0000000001,2018,M10,2018 Oct,150551
CEU0000000001,2018,M11,2018 Nov,151032
CEU0000000001,2018,M12,2018 Dec,150832
CEU0000000001,2019,M01,2019 Jan,147879
CEU0000000001,2019,M02,2019 Feb,148684
CEU0000000001,2019,M03,2019 Mar,149359
CEU0000000001,2019,M04,2019 Apr,150421
CEU0000000001,2019,M05,2019 May,151094
CEU0000000001,2019,M06,2019 Jun,151716
CEU0000000001,2019,M07,2019 Jul,150658
CEU0000000001,2019,M08,2019 Aug,151094
CEU0000000001,2019,M09,2019 Sep,151511
CEU0000000001,2019,M10,2019 Oct,152500
CEU0000000001,2019,M11,2019 Nov,153095
CEU0000000001,2019,M12,2019 Dec,152846
CEU0000000001,2020,M01,2020 Jan,150055
CEU0000000001,2020,M02,2020 Feb,150968
CEU0000000001,2020,M03,2020 Mar,149952
CEU0000000001,2020,M04,2020 Apr,130251
CEU0000000001,2020,M05,2020 May,133419
CEU0000000001,2020,M06,2020 Jun,138501
CEU0000000001,2020,M07,2020 Jul,139107
CEU0000000001,2020,M08,2020 Aug,140728
CEU0000000001,2020,M09,2020 Sep,141946
CEU0000000001,2020,M10,2020 Oct,143568
CEU0000000001,2020,M11,2020 Nov,144121
CEU0000000001,2020,M12,2020 Dec,143602
CEU0000000001,2021,M01,2021 Jan,140980
CEU0000000001,2021,M02,2021 Feb,142133
CEU0000000001,2021,M03,2021 Mar,143315
CEU0000000001,2021,M04,2021 Apr,144397
CEU0000000001,2021,M05,2021 May,145355
CEU0000000001,2021,M06,2021 Jun,146603
CEU0000000001,2021,M07,2021 Jul,146470
